rank,id,score,danger,reach,verdict,loaded_by_main_program,trivy,grype,advisory_severity,packages,fix_available,fixed_versions,known_exploited,epss,cvss,title,explanation
1,CVE-2023-44487,45.0,0.750,0.60,not reviewed,yes,-,High,-,nginx,no,,yes,1.0000,7.5,,"#1, score 45.0 = 100 x danger 0.750 x reach 0.60. Danger: on CISA's known-exploited list, so exploitation counts as 1.0 (x 0.6 = 0.600); severity Trivy -, Grype High (a missing scanner counts as 0) (x 0.4 = 0.150). Reach 0.60 (not reviewed, default for where the package sits): nginx loads `nginx`, but whether it calls the vulnerable code was not checked. Fix: no fixed package version yet."
2,CVE-2026-5450,18.3,0.304,0.60,not reviewed,yes,Medium,Critical,-,libc-bin libc6,no,,no,0.0072,9.8,glibc: glibc: Heap Buffer Overflow in `scanf` with `%mc` format specifier and large width,"#2, score 18.3 = 100 x danger 0.304 x reach 0.60. Danger: EPSS 0.7% chance of exploitation in the next 30 days (anywhere, not in this image) (x 0.6 = 0.004); severity Trivy Medium, Grype Critical (x 0.4 = 0.300). Reach 0.60 (not reviewed, default for where the package sits): nginx loads `libc6`, but whether it calls the vulnerable code was not checked. Fix: no fixed package version yet."
3,CVE-2026-84782,18.1,0.302,0.60,not reviewed,yes,High,High,-,libssl3 openssl,no,,no,0.0039,8.2,openssl: compat-openssl: openssl: Information disclosure via DTLS handshake retransmission,"#3, score 18.1 = 100 x danger 0.302 x reach 0.60. Danger: EPSS 0.4% chance of exploitation in the next 30 days (anywhere, not in this image) (x 0.6 = 0.002); severity Trivy High, Grype High (x 0.4 = 0.300). Reach 0.60 (not reviewed, default for where the package sits): nginx loads `libssl3`, but whether it calls the vulnerable code was not checked. Fix: no fixed package version yet."
4,CVE-2026-85091,15.2,0.254,0.60,not reviewed,yes,Medium,High,-,zlib1g,no,,no,0.0059,8.3,zlib versions 1.3.1.2 through 1.3.2 contain a heap buffer overflow vul ...,"#4, score 15.2 = 100 x danger 0.254 x reach 0.60. Danger: EPSS 0.6% chance of exploitation in the next 30 days (anywhere, not in this image) (x 0.6 = 0.004); severity Trivy Medium, Grype High (x 0.4 = 0.250). Reach 0.60 (not reviewed, default for where the package sits): nginx loads `zlib1g`, but whether it calls the vulnerable code was not checked. Fix: no fixed package version yet."
5,CVE-2026-5928,15.2,0.253,0.60,not reviewed,yes,Medium,High,-,libc-bin libc6,no,,no,0.0049,7.5,glibc: glibc: Information disclosure or denial of service via ungetwc function with specific wide character encodings,"#5, score 15.2 = 100 x danger 0.253 x reach 0.60. Danger: EPSS 0.5% chance of exploitation in the next 30 days (anywhere, not in this image) (x 0.6 = 0.003); severity Trivy Medium, Grype High (x 0.4 = 0.250). Reach 0.60 (not reviewed, default for where the package sits): nginx loads `libc6`, but whether it calls the vulnerable code was not checked. Fix: no fixed package version yet."
6,CVE-2026-5435,15.1,0.252,0.60,not reviewed,yes,Medium,High,-,libc-bin libc6,no,,no,0.0039,7.3,glibc: glibc: Out-of-bounds write via TSIG record processing,"#6, score 15.1 = 100 x danger 0.252 x reach 0.60. Danger: EPSS 0.4% chance of exploitation in the next 30 days (anywhere, not in this image) (x 0.6 = 0.002); severity Trivy Medium, Grype High (x 0.4 = 0.250). Reach 0.60 (not reviewed, default for where the package sits): nginx loads `libc6`, but whether it calls the vulnerable code was not checked. Fix: no fixed package version yet."
7,CVE-2026-19499,15.1,0.252,0.60,not reviewed,yes,Medium,High,-,libc-bin libc6,no,,no,0.0030,7.7,glibc: Buffer Overflow in strfmon right-justification padding,"#7, score 15.1 = 100 x danger 0.252 x reach 0.60. Danger: EPSS 0.3% chance of exploitation in the next 30 days (anywhere, not in this image) (x 0.6 = 0.002); severity Trivy Medium, Grype High (x 0.4 = 0.250). Reach 0.60 (not reviewed, default for where the package sits): nginx loads `libc6`, but whether it calls the vulnerable code was not checked. Fix: no fixed package version yet."
8,CVE-2023-6879,12.2,0.407,0.30,not reviewed,no,Critical,Critical,-,libaom3,no,,no,0.0118,9.8,aom: heap-buffer-overflow on frame size change,"#8, score 12.2 = 100 x danger 0.407 x reach 0.30. Danger: EPSS 1.2% chance of exploitation in the next 30 days (anywhere, not in this image) (x 0.6 = 0.007); severity Trivy Critical, Grype Critical (x 0.4 = 0.400). Reach 0.30 (not reviewed, default for where the package sits): `libaom3` is installed only for `nginx-module-image-filter`, which no default config loads. Fix: no fixed package version yet."
9,CVE-2026-6238,12.2,0.203,0.60,not reviewed,yes,Medium,Medium,-,libc-bin libc6,no,,no,0.0044,6.5,glibc: glibc: Application crash or uninitialized memory read via crafted DNS response,"#9, score 12.2 = 100 x danger 0.203 x reach 0.60. Danger: EPSS 0.4% chance of exploitation in the next 30 days (anywhere, not in this image) (x 0.6 = 0.003); severity Trivy Medium, Grype Medium (x 0.4 = 0.200). Reach 0.60 (not reviewed, default for where the package sits): nginx loads `libc6`, but whether it calls the vulnerable code was not checked. Fix: no fixed package version yet."
10,CVE-2026-80489,12.1,0.202,0.60,not reviewed,yes,Medium,Medium,-,libc-bin libc6,no,,no,0.0041,5.9,glibc: Non-progress DoS in EUC_JISX0213 -> UCS-4 conversion state,"#10, score 12.1 = 100 x danger 0.202 x reach 0.60. Danger: EPSS 0.4% chance of exploitation in the next 30 days (anywhere, not in this image) (x 0.6 = 0.002); severity Trivy Medium, Grype Medium (x 0.4 = 0.200). Reach 0.60 (not reviewed, default for where the package sits): nginx loads `libc6`, but whether it calls the vulnerable code was not checked. Fix: no fixed package version yet."
11,CVE-2026-77117,12.1,0.202,0.60,not reviewed,yes,Medium,Medium,-,libc-bin libc6,no,,no,0.0041,5.9,glibc: Non-progress DoS in SHIFT_JISX0213 -&gt,"#11, score 12.1 = 100 x danger 0.202 x reach 0.60. Danger: EPSS 0.4% chance of exploitation in the next 30 days (anywhere, not in this image) (x 0.6 = 0.002); severity Trivy Medium, Grype Medium (x 0.4 = 0.200). Reach 0.60 (not reviewed, default for where the package sits): nginx loads `libc6`, but whether it calls the vulnerable code was not checked. Fix: no fixed package version yet."
12,CVE-2026-75806,12.1,0.202,0.60,not reviewed,yes,Medium,Medium,-,libssl3 openssl,no,,no,0.0039,5.3,openssl: OpenSSL: Denial of Service via undersized DTLS record,"#12, score 12.1 = 100 x danger 0.202 x reach 0.60. Danger: EPSS 0.4% chance of exploitation in the next 30 days (anywhere, not in this image) (x 0.6 = 0.002); severity Trivy Medium, Grype Medium (x 0.4 = 0.200). Reach 0.60 (not reviewed, default for where the package sits): nginx loads `libssl3`, but whether it calls the vulnerable code was not checked. Fix: no fixed package version yet."
13,CVE-2026-8674,12.1,0.202,0.60,not reviewed,yes,Medium,Medium,-,libc-bin libc6,no,,no,0.0034,5.3,glibc: glibc DNS stub resolver: Denial of Service via long search domain in configuration,"#13, score 12.1 = 100 x danger 0.202 x reach 0.60. Danger: EPSS 0.3% chance of exploitation in the next 30 days (anywhere, not in this image) (x 0.6 = 0.002); severity Trivy Medium, Grype Medium (x 0.4 = 0.200). Reach 0.60 (not reviewed, default for where the package sits): nginx loads `libc6`, but whether it calls the vulnerable code was not checked. Fix: no fixed package version yet."
14,CVE-2026-6791,12.1,0.202,0.60,not reviewed,yes,Medium,Medium,-,libc-bin libc6,no,,no,0.0033,6.6,glibc: Glibc: Denial of Service via stack exhaustion during tilde expansion,"#14, score 12.1 = 100 x danger 0.202 x reach 0.60. Danger: EPSS 0.3% chance of exploitation in the next 30 days (anywhere, not in this image) (x 0.6 = 0.002); severity Trivy Medium, Grype Medium (x 0.4 = 0.200). Reach 0.60 (not reviewed, default for where the package sits): nginx loads `libc6`, but whether it calls the vulnerable code was not checked. Fix: no fixed package version yet."
15,CVE-2026-89092,12.1,0.202,0.60,not reviewed,yes,Medium,Medium,-,libc-bin libc6,no,,no,0.0027,4.2,glibc: nscd stack overflow leads to degraded DNS resolution,"#15, score 12.1 = 100 x danger 0.202 x reach 0.60. Danger: EPSS 0.3% chance of exploitation in the next 30 days (anywhere, not in this image) (x 0.6 = 0.002); severity Trivy Medium, Grype Medium (x 0.4 = 0.200). Reach 0.60 (not reviewed, default for where the package sits): nginx loads `libc6`, but whether it calls the vulnerable code was not checked. Fix: no fixed package version yet."
16,CVE-2026-19542,12.1,0.201,0.60,not reviewed,yes,Medium,Medium,-,libc-bin libc6,no,,no,0.0023,5.6,glibc: Fix out-of-bounds array write in tdelete,"#16, score 12.1 = 100 x danger 0.201 x reach 0.60. Danger: EPSS 0.2% chance of exploitation in the next 30 days (anywhere, not in this image) (x 0.6 = 0.001); severity Trivy Medium, Grype Medium (x 0.4 = 0.200). Reach 0.60 (not reviewed, default for where the package sits): nginx loads `libc6`, but whether it calls the vulnerable code was not checked. Fix: no fixed package version yet."
17,CVE-2026-75805,12.1,0.201,0.60,not reviewed,yes,Medium,Medium,-,libssl3 openssl,no,,no,0.0022,5.9,openssl: openssl: Denial of Service via crafted CMP certificate revocation response,"#17, score 12.1 = 100 x danger 0.201 x reach 0.60. Danger: EPSS 0.2% chance of exploitation in the next 30 days (anywhere, not in this image) (x 0.6 = 0.001); severity Trivy Medium, Grype Medium (x 0.4 = 0.200). Reach 0.60 (not reviewed, default for where the package sits): nginx loads `libssl3`, but whether it calls the vulnerable code was not checked. Fix: no fixed package version yet."
18,CVE-2026-27171,12.1,0.201,0.60,not reviewed,yes,Medium,Medium,-,zlib1g,no,,no,0.0019,5.5,zlib: zlib: Denial of Service via infinite loop in CRC32 combine functions,"#18, score 12.1 = 100 x danger 0.201 x reach 0.60. Danger: EPSS 0.2% chance of exploitation in the next 30 days (anywhere, not in this image) (x 0.6 = 0.001); severity Trivy Medium, Grype Medium (x 0.4 = 0.200). Reach 0.60 (not reviewed, default for where the package sits): nginx loads `zlib1g`, but whether it calls the vulnerable code was not checked. Fix: no fixed package version yet."
19,CVE-2026-6653,12.1,0.402,0.30,not reviewed,no,Critical,Critical,-,libxml2,no,,no,0.0036,9.8,libxml2: mingw-libxml2: libxml2: Denial of Service via crafted XML input due to use-after-free,"#19, score 12.1 = 100 x danger 0.402 x reach 0.30. Danger: EPSS 0.4% chance of exploitation in the next 30 days (anywhere, not in this image) (x 0.6 = 0.002); severity Trivy Critical, Grype Critical (x 0.4 = 0.400). Reach 0.30 (not reviewed, default for where the package sits): `libxml2` is installed only for `nginx-module-njs`, `nginx-module-xslt`, which no default config loads. Fix: no fixed package version yet."
20,CVE-2026-18374,12.1,0.201,0.60,not reviewed,yes,Medium,Medium,-,libc-bin libc6,no,,no,0.0014,4.9,glibc: glibc: Heap buffer overflow via attacker-controlled fopen mode string,"#20, score 12.1 = 100 x danger 0.201 x reach 0.60. Danger: EPSS 0.1% chance of exploitation in the next 30 days (anywhere, not in this image) (x 0.6 = 0.001); severity Trivy Medium, Grype Medium (x 0.4 = 0.200). Reach 0.60 (not reviewed, default for where the package sits): nginx loads `libc6`, but whether it calls the vulnerable code was not checked. Fix: no fixed package version yet."
21,CVE-2026-86805,12.0,0.201,0.60,not reviewed,yes,Medium,Medium,-,libc-bin libc6,no,,no,0.0012,7,glibc: glibc: Privilege escalation and arbitrary code execution via TOCTOU race condition in dynamic loader,"#21, score 12.0 = 100 x danger 0.201 x reach 0.60. Danger: EPSS 0.1% chance of exploitation in the next 30 days (anywhere, not in this image) (x 0.6 = 0.001); severity Trivy Medium, Grype Medium (x 0.4 = 0.200). Reach 0.60 (not reviewed, default for where the package sits): nginx loads `libc6`, but whether it calls the vulnerable code was not checked. Fix: no fixed package version yet."
22,CVE-2023-45853,12.0,0.200,0.60,not reviewed,yes,Critical,-,-,zlib1g,no,,no,0.0000,9.8,zlib: integer overflow and resultant heap-based buffer overflow in zipOpenNewFileInZip4_6,"#22, score 12.0 = 100 x danger 0.200 x reach 0.60. Danger: EPSS 0.0% chance of exploitation in the next 30 days (anywhere, not in this image) (x 0.6 = 0.000); severity Trivy Critical, Grype - (a missing scanner counts as 0) (x 0.4 = 0.200). Reach 0.60 (not reviewed, default for where the package sits): nginx loads `zlib1g`, but whether it calls the vulnerable code was not checked. Fix: no fixed package version yet."
23,CVE-2009-4487,10.6,0.177,0.60,not reviewed,yes,-,Negligible/Unknown,-,nginx,no,,no,0.2952,0.0,,"#23, score 10.6 = 100 x danger 0.177 x reach 0.60. Danger: EPSS 29.5% chance of exploitation in the next 30 days (anywhere, not in this image) (x 0.6 = 0.177); severity Trivy -, Grype Negligible/Unknown (a missing scanner counts as 0) (x 0.4 = 0.000). Reach 0.60 (not reviewed, default for where the package sits): nginx loads `nginx`, but whether it calls the vulnerable code was not checked. Fix: no fixed package version yet."
24,CVE-2026-52490,10.6,0.353,0.30,not reviewed,no,High,Critical,-,libtiff6,no,,no,0.0051,9.8,libtiff: libtiff: Arbitrary code execution via process_command_opts() function,"#24, score 10.6 = 100 x danger 0.353 x reach 0.30. Danger: EPSS 0.5% chance of exploitation in the next 30 days (anywhere, not in this image) (x 0.6 = 0.003); severity Trivy High, Grype Critical (x 0.4 = 0.350). Reach 0.30 (not reviewed, default for where the package sits): `libtiff6` is installed only for `nginx-module-image-filter`, which no default config loads. Fix: no fixed package version yet."
25,CVE-2011-3389,9.8,0.490,0.20,not reviewed,no,Low,Negligible/Unknown,-,libgnutls30,no,,no,0.7333,0.0,HTTPS: block-wise chosen-plaintext attack against SSL/TLS (BEAST),"#25, score 9.8 = 100 x danger 0.490 x reach 0.20. Danger: EPSS 73.3% chance of exploitation in the next 30 days (anywhere, not in this image) (x 0.6 = 0.440); severity Trivy Low, Grype Negligible/Unknown (x 0.4 = 0.050). Reach 0.20 (not reviewed, default for where the package sits): `libgnutls30` is used by other programs in the image, not by nginx. Fix: no fixed package version yet."
26,CVE-2023-52355,9.3,0.311,0.30,not reviewed,no,High,High,-,libtiff6,no,,no,0.0183,7.5,libtiff: TIFFRasterScanlineSize64 produce too-big size and could cause OOM,"#26, score 9.3 = 100 x danger 0.311 x reach 0.30. Danger: EPSS 1.8% chance of exploitation in the next 30 days (anywhere, not in this image) (x 0.6 = 0.011); severity Trivy High, Grype High (x 0.4 = 0.300). Reach 0.30 (not reviewed, default for where the package sits): `libtiff6` is installed only for `nginx-module-image-filter`, which no default config loads. Fix: no fixed package version yet."
27,CVE-2026-32740,9.1,0.305,0.30,not reviewed,no,High,High,-,libheif1,no,,no,0.0076,8.8,libheif: libheif: Arbitrary code execution or denial of service via crafted HEIF/AVIF file,"#27, score 9.1 = 100 x danger 0.305 x reach 0.30. Danger: EPSS 0.8% chance of exploitation in the next 30 days (anywhere, not in this image) (x 0.6 = 0.005); severity Trivy High, Grype High (x 0.4 = 0.300). Reach 0.30 (not reviewed, default for where the package sits): `libheif1` is installed only for `nginx-module-image-filter`, which no default config loads. Fix: no fixed package version yet."
28,CVE-2023-39616,9.1,0.304,0.30,not reviewed,no,High,High,-,libaom3,no,,no,0.0074,7.5,AOMedia v3.0.0 to v3.5.0 was discovered to contain an invalid read mem ...,"#28, score 9.1 = 100 x danger 0.304 x reach 0.30. Danger: EPSS 0.7% chance of exploitation in the next 30 days (anywhere, not in this image) (x 0.6 = 0.004); severity Trivy High, Grype High (x 0.4 = 0.300). Reach 0.30 (not reviewed, default for where the package sits): `libaom3` is installed only for `nginx-module-image-filter`, which no default config loads. Fix: no fixed package version yet."
29,CVE-2026-32882,9.1,0.304,0.30,not reviewed,no,High,High,-,libheif1,no,,no,0.0071,7.1,libheif: libheif: Denial of Service and Information Disclosure vulnerability,"#29, score 9.1 = 100 x danger 0.304 x reach 0.30. Danger: EPSS 0.7% chance of exploitation in the next 30 days (anywhere, not in this image) (x 0.6 = 0.004); severity Trivy High, Grype High (x 0.4 = 0.300). Reach 0.30 (not reviewed, default for where the package sits): `libheif1` is installed only for `nginx-module-image-filter`, which no default config loads. Fix: no fixed package version yet."
30,CVE-2026-35189,9.1,0.152,0.60,not reviewed,yes,Low,Medium,-,libssl3 openssl,no,,no,0.0027,5.3,openssl: openssl: Denial of Service via excessive memory allocation in CRL distribution point processing,"#30, score 9.1 = 100 x danger 0.152 x reach 0.60. Danger: EPSS 0.3% chance of exploitation in the next 30 days (anywhere, not in this image) (x 0.6 = 0.002); severity Trivy Low, Grype Medium (x 0.4 = 0.150). Reach 0.60 (not reviewed, default for where the package sits): nginx loads `libssl3`, but whether it calls the vulnerable code was not checked. Fix: no fixed package version yet."
31,CVE-2026-54872,9.1,0.152,0.60,not reviewed,yes,Medium,Low,-,libssl3 openssl,no,,no,0.0026,5.9,openssl: OpenSSL: Private key recovery via timing side-channel in generic elliptic curve operations,"#31, score 9.1 = 100 x danger 0.152 x reach 0.60. Danger: EPSS 0.3% chance of exploitation in the next 30 days (anywhere, not in this image) (x 0.6 = 0.002); severity Trivy Medium, Grype Low (x 0.4 = 0.150). Reach 0.60 (not reviewed, default for where the package sits): nginx loads `libssl3`, but whether it calls the vulnerable code was not checked. Fix: no fixed package version yet."
32,CVE-2026-77696,9.1,0.151,0.60,not reviewed,yes,Medium,Low,-,libssl3 openssl,no,,no,0.0024,5.9,openssl: OpenSSL: Private key recovery via SM2 timing side-channel,"#32, score 9.1 = 100 x danger 0.151 x reach 0.60. Danger: EPSS 0.2% chance of exploitation in the next 30 days (anywhere, not in this image) (x 0.6 = 0.001); severity Trivy Medium, Grype Low (x 0.4 = 0.150). Reach 0.60 (not reviewed, default for where the package sits): nginx loads `libssl3`, but whether it calls the vulnerable code was not checked. Fix: no fixed package version yet."
33,CVE-2026-32741,9.1,0.303,0.30,not reviewed,no,High,High,-,libheif1,no,,no,0.0045,7.1,libheif: libheif: Heap buffer overflow vulnerability in image decoding,"#33, score 9.1 = 100 x danger 0.303 x reach 0.30. Danger: EPSS 0.4% chance of exploitation in the next 30 days (anywhere, not in this image) (x 0.6 = 0.003); severity Trivy High, Grype High (x 0.4 = 0.300). Reach 0.30 (not reviewed, default for where the package sits): `libheif1` is installed only for `nginx-module-image-filter`, which no default config loads. Fix: no fixed package version yet."
34,CVE-2026-41071,9.1,0.303,0.30,not reviewed,no,High,High,-,libheif1,no,,no,0.0044,8.1,libheif is a HEIF and AVIF file format decoder and encoder. In version ...,"#34, score 9.1 = 100 x danger 0.303 x reach 0.30. Danger: EPSS 0.4% chance of exploitation in the next 30 days (anywhere, not in this image) (x 0.6 = 0.003); severity Trivy High, Grype High (x 0.4 = 0.300). Reach 0.30 (not reviewed, default for where the package sits): `libheif1` is installed only for `nginx-module-image-filter`, which no default config loads. Fix: no fixed package version yet."
35,CVE-2026-74860,9.1,0.303,0.30,not reviewed,no,High,High,-,libxml2,no,,no,0.0044,8.5,libxml2: double-free/UAF in libxml2 Python bindings,"#35, score 9.1 = 100 x danger 0.303 x reach 0.30. Danger: EPSS 0.4% chance of exploitation in the next 30 days (anywhere, not in this image) (x 0.6 = 0.003); severity Trivy High, Grype High (x 0.4 = 0.300). Reach 0.30 (not reviewed, default for where the package sits): `libxml2` is installed only for `nginx-module-njs`, `nginx-module-xslt`, which no default config loads. Fix: no fixed package version yet."
36,CVE-2026-12912,9.1,0.303,0.30,not reviewed,no,High,High,-,libtiff6,no,,no,0.0043,7.3,libtiff: libtiff: Heap-based buffer overflow via crafted PixarLog-compressed TIFF image,"#36, score 9.1 = 100 x danger 0.303 x reach 0.30. Danger: EPSS 0.4% chance of exploitation in the next 30 days (anywhere, not in this image) (x 0.6 = 0.003); severity Trivy High, Grype High (x 0.4 = 0.300). Reach 0.30 (not reviewed, default for where the package sits): `libtiff6` is installed only for `nginx-module-image-filter`, which no default config loads. Fix: no fixed package version yet."
37,CVE-2025-68431,9.1,0.303,0.30,not reviewed,no,High,High,-,libheif1,no,,no,0.0043,7.1,libheif is an HEIF and AVIF file format decoder and encoder. Prior to  ...,"#37, score 9.1 = 100 x danger 0.303 x reach 0.30. Danger: EPSS 0.4% chance of exploitation in the next 30 days (anywhere, not in this image) (x 0.6 = 0.003); severity Trivy High, Grype High (x 0.4 = 0.300). Reach 0.30 (not reviewed, default for where the package sits): `libheif1` is installed only for `nginx-module-image-filter`, which no default config loads. Fix: no fixed package version yet."
38,CVE-2026-6368,9.1,0.151,0.60,not reviewed,yes,Medium,Low,-,libc-bin libc6,no,,no,0.0015,5.5,glibc: glibc: Process abort due to invalid memory in wordexp,"#38, score 9.1 = 100 x danger 0.151 x reach 0.60. Danger: EPSS 0.1% chance of exploitation in the next 30 days (anywhere, not in this image) (x 0.6 = 0.001); severity Trivy Medium, Grype Low (x 0.4 = 0.150). Reach 0.60 (not reviewed, default for where the package sits): nginx loads `libc6`, but whether it calls the vulnerable code was not checked. Fix: no fixed package version yet."
39,CVE-2026-95818,9.0,0.151,0.60,not reviewed,yes,Medium,Low,-,libc-bin libc6,no,,no,0.0013,7,glibc: glibc: Local attacker can cause denial of service and information disclosure via stack-based buffer overflow.,"#39, score 9.0 = 100 x danger 0.151 x reach 0.60. Danger: EPSS 0.1% chance of exploitation in the next 30 days (anywhere, not in this image) (x 0.6 = 0.001); severity Trivy Medium, Grype Low (x 0.4 = 0.150). Reach 0.60 (not reviewed, default for where the package sits): nginx loads `libc6`, but whether it calls the vulnerable code was not checked. Fix: no fixed package version yet."
40,CVE-2026-88806,9.0,0.301,0.30,not reviewed,no,High,High,-,libx11-6 libx11-data,no,,no,0.0020,7.5,libX11: libX11: Heap-based buffer overflow via malicious X server,"#40, score 9.0 = 100 x danger 0.301 x reach 0.30. Danger: EPSS 0.2% chance of exploitation in the next 30 days (anywhere, not in this image) (x 0.6 = 0.001); severity Trivy High, Grype High (x 0.4 = 0.300). Reach 0.30 (not reviewed, default for where the package sits): `libx11-6`, `libx11-data` is installed only for `nginx-module-image-filter`, which no default config loads. Fix: no fixed package version yet."
41,CVE-2026-86143,9.0,0.301,0.30,not reviewed,no,High,High,-,libxml2,no,,no,0.0019,7.3,libxml2: libxml2: Data integrity issues due to integer overflow in write callbacks,"#41, score 9.0 = 100 x danger 0.301 x reach 0.30. Danger: EPSS 0.2% chance of exploitation in the next 30 days (anywhere, not in this image) (x 0.6 = 0.001); severity Trivy High, Grype High (x 0.4 = 0.300). Reach 0.30 (not reviewed, default for where the package sits): `libxml2` is installed only for `nginx-module-njs`, `nginx-module-xslt`, which no default config loads. Fix: no fixed package version yet."
42,CVE-2026-86144,9.0,0.301,0.30,not reviewed,no,High,High,-,libxml2,no,,no,0.0019,7.8,"libxml2: libxml2: Information disclosure, SSRF, or denial of service due to improper parseFlags propagation.","#42, score 9.0 = 100 x danger 0.301 x reach 0.30. Danger: EPSS 0.2% chance of exploitation in the next 30 days (anywhere, not in this image) (x 0.6 = 0.001); severity Trivy High, Grype High (x 0.4 = 0.300). Reach 0.30 (not reviewed, default for where the package sits): `libxml2` is installed only for `nginx-module-njs`, `nginx-module-xslt`, which no default config loads. Fix: no fixed package version yet."
43,CVE-2026-47178,9.0,0.301,0.30,not reviewed,no,High,High,-,libheif1,no,,no,0.0018,7.8,libheif is a HEIF and AVIF file format decoder and encoder. In version ...,"#43, score 9.0 = 100 x danger 0.301 x reach 0.30. Danger: EPSS 0.2% chance of exploitation in the next 30 days (anywhere, not in this image) (x 0.6 = 0.001); severity Trivy High, Grype High (x 0.4 = 0.300). Reach 0.30 (not reviewed, default for where the package sits): `libheif1` is installed only for `nginx-module-image-filter`, which no default config loads. Fix: no fixed package version yet."
44,CVE-2026-86142,9.0,0.301,0.30,not reviewed,no,High,High,-,libxml2,no,,no,0.0016,7.8,libxml2: libxml2: Heap-based buffer overflow in xmlXPtrEval due to xpointer length saturation,"#44, score 9.0 = 100 x danger 0.301 x reach 0.30. Danger: EPSS 0.2% chance of exploitation in the next 30 days (anywhere, not in this image) (x 0.6 = 0.001); severity Trivy High, Grype High (x 0.4 = 0.300). Reach 0.30 (not reviewed, default for where the package sits): `libxml2` is installed only for `nginx-module-njs`, `nginx-module-xslt`, which no default config loads. Fix: no fixed package version yet."
45,CVE-2026-86140,9.0,0.301,0.30,not reviewed,no,High,High,-,libxml2,no,,no,0.0016,7.8,libxml2: libxml2: Arbitrary code execution via stack-based buffer overflow in xmlSnprintfElements,"#45, score 9.0 = 100 x danger 0.301 x reach 0.30. Danger: EPSS 0.2% chance of exploitation in the next 30 days (anywhere, not in this image) (x 0.6 = 0.001); severity Trivy High, Grype High (x 0.4 = 0.300). Reach 0.30 (not reviewed, default for where the package sits): `libxml2` is installed only for `nginx-module-njs`, `nginx-module-xslt`, which no default config loads. Fix: no fixed package version yet."
46,CVE-2026-86138,9.0,0.301,0.30,not reviewed,no,High,High,-,libxml2,no,,no,0.0013,7.8,libxml2: libxml2: Arbitrary code execution via heap-based buffer overflow,"#46, score 9.0 = 100 x danger 0.301 x reach 0.30. Danger: EPSS 0.1% chance of exploitation in the next 30 days (anywhere, not in this image) (x 0.6 = 0.001); severity Trivy High, Grype High (x 0.4 = 0.300). Reach 0.30 (not reviewed, default for where the package sits): `libxml2` is installed only for `nginx-module-njs`, `nginx-module-xslt`, which no default config loads. Fix: no fixed package version yet."
47,CVE-2026-50142,7.6,0.254,0.30,not reviewed,no,Medium,High,-,libheif1,no,,no,0.0066,7.5,libheif is a HEIF and AVIF file format decoder and encoder. From 1.19. ...,"#47, score 7.6 = 100 x danger 0.254 x reach 0.30. Danger: EPSS 0.7% chance of exploitation in the next 30 days (anywhere, not in this image) (x 0.6 = 0.004); severity Trivy Medium, Grype High (x 0.4 = 0.250). Reach 0.30 (not reviewed, default for where the package sits): `libheif1` is installed only for `nginx-module-image-filter`, which no default config loads. Fix: no fixed package version yet."
48,CVE-2026-62292,7.6,0.253,0.30,not reviewed,no,Medium,High,-,libheif1,no,,no,0.0054,8.7,libheif is a HEIF and AVIF file format decoder and encoder. From 1.19. ...,"#48, score 7.6 = 100 x danger 0.253 x reach 0.30. Danger: EPSS 0.5% chance of exploitation in the next 30 days (anywhere, not in this image) (x 0.6 = 0.003); severity Trivy Medium, Grype High (x 0.4 = 0.250). Reach 0.30 (not reviewed, default for where the package sits): `libheif1` is installed only for `nginx-module-image-filter`, which no default config loads. Fix: no fixed package version yet."
49,CVE-2026-84447,7.6,0.253,0.30,not reviewed,no,Medium,High,-,libheif1,no,,no,0.0052,7.5,libheif is a HEIF and AVIF file format decoder and encoder. In 1.23.1  ...,"#49, score 7.6 = 100 x danger 0.253 x reach 0.30. Danger: EPSS 0.5% chance of exploitation in the next 30 days (anywhere, not in this image) (x 0.6 = 0.003); severity Trivy Medium, Grype High (x 0.4 = 0.250). Reach 0.30 (not reviewed, default for where the package sits): `libheif1` is installed only for `nginx-module-image-filter`, which no default config loads. Fix: no fixed package version yet."
50,CVE-2026-84384,7.6,0.253,0.30,not reviewed,no,Medium,High,-,libheif1,no,,no,0.0052,7.5,libheif is a HEIF and AVIF file format decoder and encoder. From 1.19. ...,"#50, score 7.6 = 100 x danger 0.253 x reach 0.30. Danger: EPSS 0.5% chance of exploitation in the next 30 days (anywhere, not in this image) (x 0.6 = 0.003); severity Trivy Medium, Grype High (x 0.4 = 0.250). Reach 0.30 (not reviewed, default for where the package sits): `libheif1` is installed only for `nginx-module-image-filter`, which no default config loads. Fix: no fixed package version yet."
51,CVE-2026-47247,7.6,0.253,0.30,not reviewed,no,Medium,High,-,libheif1,no,,no,0.0048,7.5,libheif is a HEIF and AVIF file format decoder and encoder. Prior to v ...,"#51, score 7.6 = 100 x danger 0.253 x reach 0.30. Danger: EPSS 0.5% chance of exploitation in the next 30 days (anywhere, not in this image) (x 0.6 = 0.003); severity Trivy Medium, Grype High (x 0.4 = 0.250). Reach 0.30 (not reviewed, default for where the package sits): `libheif1` is installed only for `nginx-module-image-filter`, which no default config loads. Fix: no fixed package version yet."
52,CVE-2026-84446,7.6,0.253,0.30,not reviewed,no,Medium,High,-,libheif1,no,,no,0.0046,7.5,libheif is a HEIF and AVIF file format decoder and encoder. Prior to 1 ...,"#52, score 7.6 = 100 x danger 0.253 x reach 0.30. Danger: EPSS 0.5% chance of exploitation in the next 30 days (anywhere, not in this image) (x 0.6 = 0.003); severity Trivy Medium, Grype High (x 0.4 = 0.250). Reach 0.30 (not reviewed, default for where the package sits): `libheif1` is installed only for `nginx-module-image-filter`, which no default config loads. Fix: no fixed package version yet."
53,CVE-2026-48029,7.6,0.252,0.30,not reviewed,no,Medium,High,-,libheif1,no,,no,0.0036,7.1,libheif is a HEIF and AVIF file format decoder and encoder. Versions 1 ...,"#53, score 7.6 = 100 x danger 0.252 x reach 0.30. Danger: EPSS 0.4% chance of exploitation in the next 30 days (anywhere, not in this image) (x 0.6 = 0.002); severity Trivy Medium, Grype High (x 0.4 = 0.250). Reach 0.30 (not reviewed, default for where the package sits): `libheif1` is installed only for `nginx-module-image-filter`, which no default config loads. Fix: no fixed package version yet."
54,CVE-2026-84451,7.6,0.252,0.30,not reviewed,no,High,Medium,-,libheif1,no,,no,0.0031,6.5,libheif is a HEIF and AVIF file format decoder and encoder. From 1.19. ...,"#54, score 7.6 = 100 x danger 0.252 x reach 0.30. Danger: EPSS 0.3% chance of exploitation in the next 30 days (anywhere, not in this image) (x 0.6 = 0.002); severity Trivy High, Grype Medium (x 0.4 = 0.250). Reach 0.30 (not reviewed, default for where the package sits): `libheif1` is installed only for `nginx-module-image-filter`, which no default config loads. Fix: no fixed package version yet."
55,CVE-2026-84450,7.6,0.252,0.30,not reviewed,no,High,Medium,-,libheif1,no,,no,0.0028,4.3,libheif is a HEIF and AVIF file format decoder and encoder. From 1.19. ...,"#55, score 7.6 = 100 x danger 0.252 x reach 0.30. Danger: EPSS 0.3% chance of exploitation in the next 30 days (anywhere, not in this image) (x 0.6 = 0.002); severity Trivy High, Grype Medium (x 0.4 = 0.250). Reach 0.30 (not reviewed, default for where the package sits): `libheif1` is installed only for `nginx-module-image-filter`, which no default config loads. Fix: no fixed package version yet."
56,CVE-2026-8927,7.1,0.353,0.20,not reviewed,no,High,Critical,-,curl libcurl4,no,,no,0.0050,9.1,curl: Information disclosure due to uncleared proxy authentication state,"#56, score 7.1 = 100 x danger 0.353 x reach 0.20. Danger: EPSS 0.5% chance of exploitation in the next 30 days (anywhere, not in this image) (x 0.6 = 0.003); severity Trivy High, Grype Critical (x 0.4 = 0.350). Reach 0.20 (not reviewed, default for where the package sits): `curl`, `libcurl4` is used by other programs in the image, not by nginx. Fix: no fixed package version yet."
57,CVE-2023-6277,6.3,0.211,0.30,not reviewed,no,Medium,Medium,-,libtiff6,no,,no,0.0181,6.5,libtiff: Out-of-memory in TIFFOpen via a craft file,"#57, score 6.3 = 100 x danger 0.211 x reach 0.30. Danger: EPSS 1.8% chance of exploitation in the next 30 days (anywhere, not in this image) (x 0.6 = 0.011); severity Trivy Medium, Grype Medium (x 0.4 = 0.200). Reach 0.30 (not reviewed, default for where the package sits): `libtiff6` is installed only for `nginx-module-image-filter`, which no default config loads. Fix: no fixed package version yet."
58,CVE-2023-2953,6.2,0.312,0.20,not reviewed,no,High,High,-,libldap-2.5-0,no,,no,0.0193,7.5,openldap: null pointer dereference in  ber_memalloc_x  function,"#58, score 6.2 = 100 x danger 0.312 x reach 0.20. Danger: EPSS 1.9% chance of exploitation in the next 30 days (anywhere, not in this image) (x 0.6 = 0.012); severity Trivy High, Grype High (x 0.4 = 0.300). Reach 0.20 (not reviewed, default for where the package sits): `libldap-2.5-0` is used by other programs in the image, not by nginx. Fix: no fixed package version yet."
59,CVE-2023-32570,6.1,0.204,0.30,not reviewed,no,Medium,Medium,-,libdav1d6,no,,no,0.0074,5.9,VideoLAN dav1d before 1.2.0 has a thread_task.c race condition that ca ...,"#59, score 6.1 = 100 x danger 0.204 x reach 0.30. Danger: EPSS 0.7% chance of exploitation in the next 30 days (anywhere, not in this image) (x 0.6 = 0.004); severity Trivy Medium, Grype Medium (x 0.4 = 0.200). Reach 0.30 (not reviewed, default for where the package sits): `libdav1d6` is installed only for `nginx-module-image-filter`, which no default config loads. Fix: no fixed package version yet."
60,CVE-2026-97399,6.1,0.102,0.60,not reviewed,yes,Low,Low,-,libc-bin libc6,no,,no,0.0029,3.7,glibc: glibc: Denial of Service via out-of-bounds read in strncasecmp,"#60, score 6.1 = 100 x danger 0.102 x reach 0.60. Danger: EPSS 0.3% chance of exploitation in the next 30 days (anywhere, not in this image) (x 0.6 = 0.002); severity Trivy Low, Grype Low (x 0.4 = 0.100). Reach 0.60 (not reviewed, default for where the package sits): nginx loads `libc6`, but whether it calls the vulnerable code was not checked. Fix: no fixed package version yet."
61,CVE-2026-19931,6.1,0.304,0.20,not reviewed,no,Medium,Critical,-,curl libcurl4,no,,no,0.0075,9.8,curl: libcurl: Information disclosure via incorrect connection reuse with Negotiate authentication,"#61, score 6.1 = 100 x danger 0.304 x reach 0.20. Danger: EPSS 0.7% chance of exploitation in the next 30 days (anywhere, not in this image) (x 0.6 = 0.004); severity Trivy Medium, Grype Critical (x 0.4 = 0.300). Reach 0.20 (not reviewed, default for where the package sits): `curl`, `libcurl4` is used by other programs in the image, not by nginx. Fix: no fixed package version yet."
62,CVE-2026-11856,6.1,0.304,0.20,not reviewed,no,Medium,Critical,-,curl libcurl4,no,,no,0.0069,9.8,curl: curl: Information disclosure via incorrect Digest authentication header reuse,"#62, score 6.1 = 100 x danger 0.304 x reach 0.20. Danger: EPSS 0.7% chance of exploitation in the next 30 days (anywhere, not in this image) (x 0.6 = 0.004); severity Trivy Medium, Grype Critical (x 0.4 = 0.300). Reach 0.20 (not reviewed, default for where the package sits): `curl`, `libcurl4` is used by other programs in the image, not by nginx. Fix: no fixed package version yet."
63,CVE-2026-8924,6.1,0.304,0.20,not reviewed,no,Medium,Critical,-,curl libcurl4,no,,no,0.0066,9.1,curl: curl: Cookie injection via malicious HTTP server using super cookies,"#63, score 6.1 = 100 x danger 0.304 x reach 0.20. Danger: EPSS 0.7% chance of exploitation in the next 30 days (anywhere, not in this image) (x 0.6 = 0.004); severity Trivy Medium, Grype Critical (x 0.4 = 0.300). Reach 0.20 (not reviewed, default for where the package sits): `curl`, `libcurl4` is used by other programs in the image, not by nginx. Fix: no fixed package version yet."
64,CVE-2026-62289,6.1,0.202,0.30,not reviewed,no,Medium,Medium,-,libheif1,no,,no,0.0040,4.3,libheif is a HEIF and AVIF file format decoder and encoder. In 1.23.0  ...,"#64, score 6.1 = 100 x danger 0.202 x reach 0.30. Danger: EPSS 0.4% chance of exploitation in the next 30 days (anywhere, not in this image) (x 0.6 = 0.002); severity Trivy Medium, Grype Medium (x 0.4 = 0.200). Reach 0.30 (not reviewed, default for where the package sits): `libheif1` is installed only for `nginx-module-image-filter`, which no default config loads. Fix: no fixed package version yet."
65,CVE-2026-10536,6.1,0.304,0.20,not reviewed,no,Medium,Critical,-,curl libcurl4,no,,no,0.0060,9.8,libcurl: libcurl: Use-after-free vulnerability leading to Denial of Service,"#65, score 6.1 = 100 x danger 0.304 x reach 0.20. Danger: EPSS 0.6% chance of exploitation in the next 30 days (anywhere, not in this image) (x 0.6 = 0.004); severity Trivy Medium, Grype Critical (x 0.4 = 0.300). Reach 0.20 (not reviewed, default for where the package sits): `curl`, `libcurl4` is used by other programs in the image, not by nginx. Fix: no fixed package version yet."
66,CVE-2026-41080,6.1,0.202,0.30,not reviewed,no,Low,High,-,libexpat1,no,,no,0.0040,7.5,libexpat: expat: libexpat: Denial of Service via hash flooding with crafted XML,"#66, score 6.1 = 100 x danger 0.202 x reach 0.30. Danger: EPSS 0.4% chance of exploitation in the next 30 days (anywhere, not in this image) (x 0.6 = 0.002); severity Trivy Low, Grype High (x 0.4 = 0.200). Reach 0.30 (not reviewed, default for where the package sits): `libexpat1` is installed only for `nginx-module-image-filter`, which no default config loads. Fix: no fixed package version yet."
67,CVE-2026-32814,6.1,0.202,0.30,not reviewed,no,Medium,Medium,-,libheif1,no,,no,0.0039,6.5,libheif: libheif: Information Disclosure via Crafted HEIF/AVIF Files,"#67, score 6.1 = 100 x danger 0.202 x reach 0.30. Danger: EPSS 0.4% chance of exploitation in the next 30 days (anywhere, not in this image) (x 0.6 = 0.002); severity Trivy Medium, Grype Medium (x 0.4 = 0.200). Reach 0.30 (not reviewed, default for where the package sits): `libheif1` is installed only for `nginx-module-image-filter`, which no default config loads. Fix: no fixed package version yet."
68,CVE-2026-41069,6.1,0.202,0.30,not reviewed,no,Medium,Medium,-,libheif1,no,,no,0.0039,6.5,libheif is a HEIF and AVIF file format decoder and encoder. In version ...,"#68, score 6.1 = 100 x danger 0.202 x reach 0.30. Danger: EPSS 0.4% chance of exploitation in the next 30 days (anywhere, not in this image) (x 0.6 = 0.002); severity Trivy Medium, Grype Medium (x 0.4 = 0.200). Reach 0.30 (not reviewed, default for where the package sits): `libheif1` is installed only for `nginx-module-image-filter`, which no default config loads. Fix: no fixed package version yet."
69,CVE-2026-32739,6.1,0.202,0.30,not reviewed,no,Medium,Medium,-,libheif1,no,,no,0.0039,6.5,libheif: libheif: Denial of Service via crafted HEIF sequence file,"#69, score 6.1 = 100 x danger 0.202 x reach 0.30. Danger: EPSS 0.4% chance of exploitation in the next 30 days (anywhere, not in this image) (x 0.6 = 0.002); severity Trivy Medium, Grype Medium (x 0.4 = 0.200). Reach 0.30 (not reviewed, default for where the package sits): `libheif1` is installed only for `nginx-module-image-filter`, which no default config loads. Fix: no fixed package version yet."
70,CVE-2026-41992,6.1,0.303,0.20,not reviewed,no,High,High,-,gzip,no,,no,0.0056,7.5,gzip: gzip: Information disclosure via global buffer overflow in LZH decompression,"#70, score 6.1 = 100 x danger 0.303 x reach 0.20. Danger: EPSS 0.6% chance of exploitation in the next 30 days (anywhere, not in this image) (x 0.6 = 0.003); severity Trivy High, Grype High (x 0.4 = 0.300). Reach 0.20 (not reviewed, default for where the package sits): `gzip` is used by other programs in the image, not by nginx. Fix: no fixed package version yet."
71,CVE-2026-32738,6.1,0.202,0.30,not reviewed,no,Medium,Medium,-,libheif1,no,,no,0.0037,6.5,libheif: libheif: Unsigned integer underflow leads to Denial of Service,"#71, score 6.1 = 100 x danger 0.202 x reach 0.30. Danger: EPSS 0.4% chance of exploitation in the next 30 days (anywhere, not in this image) (x 0.6 = 0.002); severity Trivy Medium, Grype Medium (x 0.4 = 0.200). Reach 0.30 (not reviewed, default for where the package sits): `libheif1` is installed only for `nginx-module-image-filter`, which no default config loads. Fix: no fixed package version yet."
72,CVE-2026-49271,6.1,0.202,0.30,not reviewed,no,Medium,Medium,-,libheif1,no,,no,0.0036,6.5,libheif: libheif: Denial of Service via crafted HEIF file due to integer wrap-around,"#72, score 6.1 = 100 x danger 0.202 x reach 0.30. Danger: EPSS 0.4% chance of exploitation in the next 30 days (anywhere, not in this image) (x 0.6 = 0.002); severity Trivy Medium, Grype Medium (x 0.4 = 0.200). Reach 0.30 (not reviewed, default for where the package sits): `libheif1` is installed only for `nginx-module-image-filter`, which no default config loads. Fix: no fixed package version yet."
73,CVE-2026-102633,6.1,0.202,0.30,not reviewed,no,Medium,Medium,-,libexpat1,no,,no,0.0035,5.9,expat: expat: Denial of Service via integer overflow in expat_realloc,"#73, score 6.1 = 100 x danger 0.202 x reach 0.30. Danger: EPSS 0.3% chance of exploitation in the next 30 days (anywhere, not in this image) (x 0.6 = 0.002); severity Trivy Medium, Grype Medium (x 0.4 = 0.200). Reach 0.30 (not reviewed, default for where the package sits): `libexpat1` is installed only for `nginx-module-image-filter`, which no default config loads. Fix: no fixed package version yet."
74,CVE-2026-9538,6.1,0.303,0.20,not reviewed,no,High,High,-,perl-base,no,,no,0.0045,7.5,perl-Archive-Tar: perl-Archive-Tar: Denial of Service via crafted tar header with large entry size,"#74, score 6.1 = 100 x danger 0.303 x reach 0.20. Danger: EPSS 0.4% chance of exploitation in the next 30 days (anywhere, not in this image) (x 0.6 = 0.003); severity Trivy High, Grype High (x 0.4 = 0.300). Reach 0.20 (not reviewed, default for where the package sits): `perl-base` is used by other programs in the image, not by nginx. Fix: no fixed package version yet."
75,CVE-2025-69720,6.1,0.303,0.20,not reviewed,no,High,High,-,libtinfo6 ncurses-base ncurses-bin,no,,no,0.0045,7.8,ncurses: ncurses: Buffer overflow vulnerability may lead to arbitrary code execution.,"#75, score 6.1 = 100 x danger 0.303 x reach 0.20. Danger: EPSS 0.4% chance of exploitation in the next 30 days (anywhere, not in this image) (x 0.6 = 0.003); severity Trivy High, Grype High (x 0.4 = 0.300). Reach 0.20 (not reviewed, default for where the package sits): `libtinfo6`, `ncurses-base`, `ncurses-bin` is used by other programs in the image, not by nginx. Fix: no fixed package version yet."
76,CVE-2026-12064,6.0,0.302,0.20,not reviewed,no,High,High,-,curl libcurl4,no,,no,0.0040,7.5,curl: curl: SSH host verification bypass when using schemeless URLs with SFTP/SCP,"#76, score 6.0 = 100 x danger 0.302 x reach 0.20. Danger: EPSS 0.4% chance of exploitation in the next 30 days (anywhere, not in this image) (x 0.6 = 0.002); severity Trivy High, Grype High (x 0.4 = 0.300). Reach 0.20 (not reviewed, default for where the package sits): `curl`, `libcurl4` is used by other programs in the image, not by nginx. Fix: no fixed package version yet."
77,CVE-2026-6276,6.0,0.302,0.20,not reviewed,no,High,High,-,curl libcurl4,no,,no,0.0035,7.5,curl: libcurl: Information disclosure due to cookie leak when reusing connections with custom Host headers,"#77, score 6.0 = 100 x danger 0.302 x reach 0.20. Danger: EPSS 0.3% chance of exploitation in the next 30 days (anywhere, not in this image) (x 0.6 = 0.002); severity Trivy High, Grype High (x 0.4 = 0.300). Reach 0.20 (not reviewed, default for where the package sits): `curl`, `libcurl4` is used by other programs in the image, not by nginx. Fix: no fixed package version yet."
78,CVE-2026-8286,6.0,0.302,0.20,not reviewed,no,High,High,-,curl libcurl4,no,,no,0.0031,8.1,curl: curl: Insecure connection establishment due to TLS configuration mismatch,"#78, score 6.0 = 100 x danger 0.302 x reach 0.20. Danger: EPSS 0.3% chance of exploitation in the next 30 days (anywhere, not in this image) (x 0.6 = 0.002); severity Trivy High, Grype High (x 0.4 = 0.300). Reach 0.20 (not reviewed, default for where the package sits): `curl`, `libcurl4` is used by other programs in the image, not by nginx. Fix: no fixed package version yet."
79,CVE-2025-66382,6.0,0.201,0.30,not reviewed,no,Medium,Medium,-,libexpat1,no,,no,0.0020,5.5,libexpat: libexpat: Denial of service via crafted file processing,"#79, score 6.0 = 100 x danger 0.201 x reach 0.30. Danger: EPSS 0.2% chance of exploitation in the next 30 days (anywhere, not in this image) (x 0.6 = 0.001); severity Trivy Medium, Grype Medium (x 0.4 = 0.200). Reach 0.30 (not reviewed, default for where the package sits): `libexpat1` is installed only for `nginx-module-image-filter`, which no default config loads. Fix: no fixed package version yet."
80,CVE-2026-94283,6.0,0.201,0.30,not reviewed,no,Medium,Medium,-,libx11-6 libx11-data,no,,no,0.0020,6.5,libX11: libX11: Denial of Service via out-of-bounds read in XIM attribute parser,"#80, score 6.0 = 100 x danger 0.201 x reach 0.30. Danger: EPSS 0.2% chance of exploitation in the next 30 days (anywhere, not in this image) (x 0.6 = 0.001); severity Trivy Medium, Grype Medium (x 0.4 = 0.200). Reach 0.30 (not reviewed, default for where the package sits): `libx11-6`, `libx11-data` is installed only for `nginx-module-image-filter`, which no default config loads. Fix: no fixed package version yet."
81,CVE-2026-84448,6.0,0.201,0.30,not reviewed,no,Medium,Medium,-,libheif1,no,,no,0.0019,4,libheif is a HEIF and AVIF file format decoder and encoder. Prior to 1 ...,"#81, score 6.0 = 100 x danger 0.201 x reach 0.30. Danger: EPSS 0.2% chance of exploitation in the next 30 days (anywhere, not in this image) (x 0.6 = 0.001); severity Trivy Medium, Grype Medium (x 0.4 = 0.200). Reach 0.30 (not reviewed, default for where the package sits): `libheif1` is installed only for `nginx-module-image-filter`, which no default config loads. Fix: no fixed package version yet."
82,CVE-2026-47709,6.0,0.201,0.30,not reviewed,no,Medium,Medium,-,libheif1,no,,no,0.0018,5.5,libheif is a HEIF and AVIF file format decoder and encoder. Versions p ...,"#82, score 6.0 = 100 x danger 0.201 x reach 0.30. Danger: EPSS 0.2% chance of exploitation in the next 30 days (anywhere, not in this image) (x 0.6 = 0.001); severity Trivy Medium, Grype Medium (x 0.4 = 0.200). Reach 0.30 (not reviewed, default for where the package sits): `libheif1` is installed only for `nginx-module-image-filter`, which no default config loads. Fix: no fixed package version yet."
83,CVE-2026-95512,6.0,0.201,0.30,not reviewed,no,Medium,Medium,-,libfreetype6,no,,no,0.0017,5.5,freetype: FreeType: Denial of Service via repeated subroutine allocations in CID font loader,"#83, score 6.0 = 100 x danger 0.201 x reach 0.30. Danger: EPSS 0.2% chance of exploitation in the next 30 days (anywhere, not in this image) (x 0.6 = 0.001); severity Trivy Medium, Grype Medium (x 0.4 = 0.200). Reach 0.30 (not reviewed, default for where the package sits): `libfreetype6` is installed only for `nginx-module-image-filter`, which no default config loads. Fix: no fixed package version yet."
84,CVE-2025-10911,6.0,0.201,0.30,not reviewed,no,Medium,Medium,-,libxslt1.1,no,,no,0.0017,5.5,libxslt: use-after-free with key data stored cross-RVT,"#84, score 6.0 = 100 x danger 0.201 x reach 0.30. Danger: EPSS 0.2% chance of exploitation in the next 30 days (anywhere, not in this image) (x 0.6 = 0.001); severity Trivy Medium, Grype Medium (x 0.4 = 0.200). Reach 0.30 (not reviewed, default for where the package sits): `libxslt1.1` is installed only for `nginx-module-xslt`, which no default config loads. Fix: no fixed package version yet."
85,CVE-2026-76781,6.0,0.201,0.30,not reviewed,no,Medium,Medium,-,libxml2,no,,no,0.0017,5.5,libxml2: libxml2: NULL pointer dereference parsing nextCatalog without catalog attribute,"#85, score 6.0 = 100 x danger 0.201 x reach 0.30. Danger: EPSS 0.2% chance of exploitation in the next 30 days (anywhere, not in this image) (x 0.6 = 0.001); severity Trivy Medium, Grype Medium (x 0.4 = 0.200). Reach 0.30 (not reviewed, default for where the package sits): `libxml2` is installed only for `nginx-module-njs`, `nginx-module-xslt`, which no default config loads. Fix: no fixed package version yet."
86,CVE-2026-47254,6.0,0.201,0.30,not reviewed,no,Medium,Medium,-,libheif1,no,,no,0.0016,6.1,libheif is a HEIF and AVIF file format decoder and encoder. Prior to v ...,"#86, score 6.0 = 100 x danger 0.201 x reach 0.30. Danger: EPSS 0.2% chance of exploitation in the next 30 days (anywhere, not in this image) (x 0.6 = 0.001); severity Trivy Medium, Grype Medium (x 0.4 = 0.200). Reach 0.30 (not reviewed, default for where the package sits): `libheif1` is installed only for `nginx-module-image-filter`, which no default config loads. Fix: no fixed package version yet."
87,CVE-2026-4367,6.0,0.201,0.30,not reviewed,no,Medium,Medium,-,libxpm4,no,,no,0.0015,5.5,libXpm: libXpm: Denial of Service via out-of-bounds read in XPM file parsing,"#87, score 6.0 = 100 x danger 0.201 x reach 0.30. Danger: EPSS 0.2% chance of exploitation in the next 30 days (anywhere, not in this image) (x 0.6 = 0.001); severity Trivy Medium, Grype Medium (x 0.4 = 0.200). Reach 0.30 (not reviewed, default for where the package sits): `libxpm4` is installed only for `nginx-module-image-filter`, which no default config loads. Fix: no fixed package version yet."
88,CVE-2026-47714,6.0,0.201,0.30,not reviewed,no,Medium,Medium,-,libheif1,no,,no,0.0015,6.1,libheif is a HEIF and AVIF file format decoder and encoder. In version ...,"#88, score 6.0 = 100 x danger 0.201 x reach 0.30. Danger: EPSS 0.2% chance of exploitation in the next 30 days (anywhere, not in this image) (x 0.6 = 0.001); severity Trivy Medium, Grype Medium (x 0.4 = 0.200). Reach 0.30 (not reviewed, default for where the package sits): `libheif1` is installed only for `nginx-module-image-filter`, which no default config loads. Fix: no fixed package version yet."
89,CVE-2026-76642,6.0,0.301,0.20,not reviewed,no,High,High,-,bsdutils libblkid1 libmount1 libsmartcols1 libuuid1 mount util-linux util-linux-extra,no,,no,0.0022,8.5,util-linux: util-linux: failed external mount helper still runs privileged X-mount post-hooks,"#89, score 6.0 = 100 x danger 0.301 x reach 0.20. Danger: EPSS 0.2% chance of exploitation in the next 30 days (anywhere, not in this image) (x 0.6 = 0.001); severity Trivy High, Grype High (x 0.4 = 0.300). Reach 0.20 (not reviewed, default for where the package sits): `bsdutils`, `libblkid1`, `libmount1`, `libsmartcols1`, `libuuid1`, `mount`, `util-linux`, `util-linux-extra` is used by other programs in the image, not by nginx. Fix: no fixed package version yet."
90,CVE-2026-78408,6.0,0.301,0.20,not reviewed,no,High,High,-,bsdutils libblkid1 libmount1 libsmartcols1 libuuid1 mount util-linux util-linux-extra,no,,no,0.0019,7.9,util-linux: util-linux: nsenter --join-cgroup leaks root cgroup migration authority,"#90, score 6.0 = 100 x danger 0.301 x reach 0.20. Danger: EPSS 0.2% chance of exploitation in the next 30 days (anywhere, not in this image) (x 0.6 = 0.001); severity Trivy High, Grype High (x 0.4 = 0.300). Reach 0.20 (not reviewed, default for where the package sits): `bsdutils`, `libblkid1`, `libmount1`, `libsmartcols1`, `libuuid1`, `mount`, `util-linux`, `util-linux-extra` is used by other programs in the image, not by nginx. Fix: no fixed package version yet."
91,CVE-2026-18495,6.0,0.201,0.30,not reviewed,no,Medium,Medium,-,libtiff6,no,,no,0.0012,6.1,libtiff: libtiff: heap-buffer overflow via numeric truncation in the JPEG raw passthrough,"#91, score 6.0 = 100 x danger 0.201 x reach 0.30. Danger: EPSS 0.1% chance of exploitation in the next 30 days (anywhere, not in this image) (x 0.6 = 0.001); severity Trivy Medium, Grype Medium (x 0.4 = 0.200). Reach 0.30 (not reviewed, default for where the package sits): `libtiff6` is installed only for `nginx-module-image-filter`, which no default config loads. Fix: no fixed package version yet."
92,CVE-2026-94285,6.0,0.201,0.30,not reviewed,no,Medium,Medium,-,libx11-6 libx11-data,no,,no,0.0011,5.1,libX11: libX11: Denial of Service via out-of-bounds read in byte-oriented codeset parser,"#92, score 6.0 = 100 x danger 0.201 x reach 0.30. Danger: EPSS 0.1% chance of exploitation in the next 30 days (anywhere, not in this image) (x 0.6 = 0.001); severity Trivy Medium, Grype Medium (x 0.4 = 0.200). Reach 0.30 (not reviewed, default for where the package sits): `libx11-6`, `libx11-data` is installed only for `nginx-module-image-filter`, which no default config loads. Fix: no fixed package version yet."
93,CVE-2026-78410,6.0,0.301,0.20,not reviewed,no,High,High,-,bsdutils libblkid1 libmount1 libsmartcols1 libuuid1 mount util-linux util-linux-extra,no,,no,0.0016,7.8,"util-linux: util-linux: restricted bind mounts do not pin the source, allowing X-mount.owner/group/mode redirection","#93, score 6.0 = 100 x danger 0.301 x reach 0.20. Danger: EPSS 0.2% chance of exploitation in the next 30 days (anywhere, not in this image) (x 0.6 = 0.001); severity Trivy High, Grype High (x 0.4 = 0.300). Reach 0.20 (not reviewed, default for where the package sits): `bsdutils`, `libblkid1`, `libmount1`, `libsmartcols1`, `libuuid1`, `mount`, `util-linux`, `util-linux-extra` is used by other programs in the image, not by nginx. Fix: no fixed package version yet."
94,CVE-2026-56132,6.0,0.201,0.30,not reviewed,no,Medium,Medium,-,libexpat1,no,,no,0.0010,6.9,expat: libexpat: Arbitrary Code Execution via Heap-based Buffer Overflow,"#94, score 6.0 = 100 x danger 0.201 x reach 0.30. Danger: EPSS 0.1% chance of exploitation in the next 30 days (anywhere, not in this image) (x 0.6 = 0.001); severity Trivy Medium, Grype Medium (x 0.4 = 0.200). Reach 0.30 (not reviewed, default for where the package sits): `libexpat1` is installed only for `nginx-module-image-filter`, which no default config loads. Fix: no fixed package version yet."
95,CVE-2026-94284,6.0,0.201,0.30,not reviewed,no,Medium,Medium,-,libx11-6 libx11-data,no,,no,0.0010,5.5,libX11: libX11: Denial of Service via out-of-bounds read in XIM trigger-key registration parser,"#95, score 6.0 = 100 x danger 0.201 x reach 0.30. Danger: EPSS 0.1% chance of exploitation in the next 30 days (anywhere, not in this image) (x 0.6 = 0.001); severity Trivy Medium, Grype Medium (x 0.4 = 0.200). Reach 0.30 (not reviewed, default for where the package sits): `libx11-6`, `libx11-data` is installed only for `nginx-module-image-filter`, which no default config loads. Fix: no fixed package version yet."
96,CVE-2026-78409,6.0,0.301,0.20,not reviewed,no,High,High,-,bsdutils libblkid1 libmount1 libsmartcols1 libuuid1 mount util-linux util-linux-extra,no,,no,0.0015,7,util-linux: util-linux: X-mount.subdir detached-tree resolution can escape via intermediate symlinks,"#96, score 6.0 = 100 x danger 0.301 x reach 0.20. Danger: EPSS 0.2% chance of exploitation in the next 30 days (anywhere, not in this image) (x 0.6 = 0.001); severity Trivy High, Grype High (x 0.4 = 0.300). Reach 0.20 (not reviewed, default for where the package sits): `bsdutils`, `libblkid1`, `libmount1`, `libsmartcols1`, `libuuid1`, `mount`, `util-linux`, `util-linux-extra` is used by other programs in the image, not by nginx. Fix: no fixed package version yet."
97,CVE-2026-54369,6.0,0.301,0.20,not reviewed,no,High,High,-,libacl1,no,,no,0.0015,7.1,acl: Symlink traversal privilege escalation via libacl functions,"#97, score 6.0 = 100 x danger 0.301 x reach 0.20. Danger: EPSS 0.2% chance of exploitation in the next 30 days (anywhere, not in this image) (x 0.6 = 0.001); severity Trivy High, Grype High (x 0.4 = 0.300). Reach 0.20 (not reviewed, default for where the package sits): `libacl1` is used by other programs in the image, not by nginx. Fix: no fixed package version yet."
98,CVE-2026-94287,6.0,0.201,0.30,not reviewed,no,Medium,Medium,-,libxpm4,no,,no,0.0010,5.5,libXpm: libXpm: Denial of Service via unsigned integer underflow,"#98, score 6.0 = 100 x danger 0.201 x reach 0.30. Danger: EPSS 0.1% chance of exploitation in the next 30 days (anywhere, not in this image) (x 0.6 = 0.001); severity Trivy Medium, Grype Medium (x 0.4 = 0.200). Reach 0.30 (not reviewed, default for where the package sits): `libxpm4` is installed only for `nginx-module-image-filter`, which no default config loads. Fix: no fixed package version yet."
99,CVE-2018-20796,5.1,0.085,0.60,not reviewed,yes,Low,Negligible/Unknown,-,libc-bin libc6,no,,no,0.0576,7.5,glibc: uncontrolled recursion in function check_dst_limits_calc_pos_1 in posix/regexec.c,"#99, score 5.1 = 100 x danger 0.085 x reach 0.60. Danger: EPSS 5.8% chance of exploitation in the next 30 days (anywhere, not in this image) (x 0.6 = 0.035); severity Trivy Low, Grype Negligible/Unknown (x 0.4 = 0.050). Reach 0.60 (not reviewed, default for where the package sits): nginx loads `libc6`, but whether it calls the vulnerable code was not checked. Fix: no fixed package version yet."
100,CVE-2026-18924,5.1,0.254,0.20,not reviewed,no,Low,Critical,-,curl libcurl4,no,,no,0.0058,9.1,curl: libcurl: Use-after-free in HTTP/2 Server Push with shared connections,"#100, score 5.1 = 100 x danger 0.254 x reach 0.20. Danger: EPSS 0.6% chance of exploitation in the next 30 days (anywhere, not in this image) (x 0.6 = 0.004); severity Trivy Low, Grype Critical (x 0.4 = 0.250). Reach 0.20 (not reviewed, default for where the package sits): `curl`, `libcurl4` is used by other programs in the image, not by nginx. Fix: no fixed package version yet."
101,CVE-2026-8932,5.0,0.252,0.20,not reviewed,no,Medium,High,-,curl libcurl4,no,,no,0.0040,7.5,libcurl: libcurl: Security feature bypass due to improper mTLS connection reuse,"#101, score 5.0 = 100 x danger 0.252 x reach 0.20. Danger: EPSS 0.4% chance of exploitation in the next 30 days (anywhere, not in this image) (x 0.6 = 0.002); severity Trivy Medium, Grype High (x 0.4 = 0.250). Reach 0.20 (not reviewed, default for where the package sits): `curl`, `libcurl4` is used by other programs in the image, not by nginx. Fix: no fixed package version yet."
102,CVE-2026-8458,5.0,0.252,0.20,not reviewed,no,High,Medium,-,curl libcurl4,no,,no,0.0037,8.1,curl: libcurl: Unauthorized connection reuse due to a logical error,"#102, score 5.0 = 100 x danger 0.252 x reach 0.20. Danger: EPSS 0.4% chance of exploitation in the next 30 days (anywhere, not in this image) (x 0.6 = 0.002); severity Trivy High, Grype Medium (x 0.4 = 0.250). Reach 0.20 (not reviewed, default for where the package sits): `curl`, `libcurl4` is used by other programs in the image, not by nginx. Fix: no fixed package version yet."
103,CVE-2026-95619,5.0,0.252,0.20,not reviewed,no,Medium,High,-,gcc-12-base libgcc-s1 libstdc++6,no,,no,0.0036,7.7,gcc: libstdc++ integer overflow in `new` operator,"#103, score 5.0 = 100 x danger 0.252 x reach 0.20. Danger: EPSS 0.4% chance of exploitation in the next 30 days (anywhere, not in this image) (x 0.6 = 0.002); severity Trivy Medium, Grype High (x 0.4 = 0.250). Reach 0.20 (not reviewed, default for where the package sits): `gcc-12-base`, `libgcc-s1`, `libstdc++6` is used by other programs in the image, not by nginx. Fix: no fixed package version yet."
104,CVE-2026-102010,5.0,0.252,0.20,not reviewed,no,Medium,High,-,gcc-12-base libgcc-s1 libstdc++6,no,,no,0.0025,7,gcc-toolset-15-gcc: gcc: gcc-toolset-16: gcc: Denial of Service via use-after-free in binary heap erase_if,"#104, score 5.0 = 100 x danger 0.252 x reach 0.20. Danger: EPSS 0.2% chance of exploitation in the next 30 days (anywhere, not in this image) (x 0.6 = 0.002); severity Trivy Medium, Grype High (x 0.4 = 0.250). Reach 0.20 (not reviewed, default for where the package sits): `gcc-12-base`, `libgcc-s1`, `libstdc++6` is used by other programs in the image, not by nginx. Fix: no fixed package version yet."
105,CVE-2026-54370,5.0,0.251,0.20,not reviewed,no,Medium,High,-,libacl1,no,,no,0.0011,7.2,acl: TOCTOU Symlink Traversal via getfacl/setfacl,"#105, score 5.0 = 100 x danger 0.251 x reach 0.20. Danger: EPSS 0.1% chance of exploitation in the next 30 days (anywhere, not in this image) (x 0.6 = 0.001); severity Trivy Medium, Grype High (x 0.4 = 0.250). Reach 0.20 (not reviewed, default for where the package sits): `libacl1` is used by other programs in the image, not by nginx. Fix: no fixed package version yet."
106,CVE-2026-16742,5.0,0.250,0.20,not reviewed,no,High,Medium,-,libsystemd0 libudev1,no,,no,0.0006,8.8,systemd: systemd-homed: Local privilege escalation via missing home-record signature verification,"#106, score 5.0 = 100 x danger 0.250 x reach 0.20. Danger: EPSS 0.1% chance of exploitation in the next 30 days (anywhere, not in this image) (x 0.6 = 0.000); severity Trivy High, Grype Medium (x 0.4 = 0.250). Reach 0.20 (not reviewed, default for where the package sits): `libsystemd0`, `libudev1` is used by other programs in the image, not by nginx. Fix: no fixed package version yet."
107,CVE-2026-84444,4.6,0.153,0.30,not reviewed,no,Negligible/Unknown,High,-,libheif1,no,,no,0.0048,7.4,libheif is a HEIF and AVIF file format decoder and encoder. Prior to 1 ...,"#107, score 4.6 = 100 x danger 0.153 x reach 0.30. Danger: EPSS 0.5% chance of exploitation in the next 30 days (anywhere, not in this image) (x 0.6 = 0.003); severity Trivy Negligible/Unknown, Grype High (x 0.4 = 0.150). Reach 0.30 (not reviewed, default for where the package sits): `libheif1` is installed only for `nginx-module-image-filter`, which no default config loads. Fix: no fixed package version yet."
108,CVE-2026-84449,4.6,0.153,0.30,not reviewed,no,Medium,Low,-,libheif1,no,,no,0.0043,3.7,libheif is a HEIF and AVIF file format decoder and encoder. Prior to 1 ...,"#108, score 4.6 = 100 x danger 0.153 x reach 0.30. Danger: EPSS 0.4% chance of exploitation in the next 30 days (anywhere, not in this image) (x 0.6 = 0.003); severity Trivy Medium, Grype Low (x 0.4 = 0.150). Reach 0.30 (not reviewed, default for where the package sits): `libheif1` is installed only for `nginx-module-image-filter`, which no default config loads. Fix: no fixed package version yet."
109,CVE-2026-88373,4.6,0.152,0.30,not reviewed,no,Negligible/Unknown,High,-,libde265-0,no,,no,0.0034,7.5,libde265 commit 4d45a6b contains a NULL pointer dereference vulnerabil ...,"#109, score 4.6 = 100 x danger 0.152 x reach 0.30. Danger: EPSS 0.3% chance of exploitation in the next 30 days (anywhere, not in this image) (x 0.6 = 0.002); severity Trivy Negligible/Unknown, Grype High (x 0.4 = 0.150). Reach 0.30 (not reviewed, default for where the package sits): `libde265-0` is installed only for `nginx-module-image-filter`, which no default config loads. Fix: no fixed package version yet."
110,CVE-2026-36849,4.5,0.150,0.30,not reviewed,no,High,Negligible/Unknown,-,libtiff6,no,,no,0.0000,0.0,[Denial of Service via large SamplesPerPixel tag],"#110, score 4.5 = 100 x danger 0.150 x reach 0.30. Danger: EPSS 0.0% chance of exploitation in the next 30 days (anywhere, not in this image) (x 0.6 = 0.000); severity Trivy High, Grype Negligible/Unknown (x 0.4 = 0.150). Reach 0.30 (not reviewed, default for where the package sits): `libtiff6` is installed only for `nginx-module-image-filter`, which no default config loads. Fix: no fixed package version yet."
111,CVE-2019-1010022,4.2,0.069,0.60,not reviewed,yes,Low,Negligible/Unknown,-,libc-bin libc6,no,,no,0.0322,9.8,glibc: stack guard protection bypass,"#111, score 4.2 = 100 x danger 0.069 x reach 0.60. Danger: EPSS 3.2% chance of exploitation in the next 30 days (anywhere, not in this image) (x 0.6 = 0.019); severity Trivy Low, Grype Negligible/Unknown (x 0.4 = 0.050). Reach 0.60 (not reviewed, default for where the package sits): nginx loads `libc6`, but whether it calls the vulnerable code was not checked. Fix: no fixed package version yet."
112,CVE-2019-1010024,4.1,0.069,0.60,not reviewed,yes,Low,Negligible/Unknown,-,libc-bin libc6,no,,no,0.0319,5.3,glibc: ASLR bypass using cache of thread stack and heap,"#112, score 4.1 = 100 x danger 0.069 x reach 0.60. Danger: EPSS 3.2% chance of exploitation in the next 30 days (anywhere, not in this image) (x 0.6 = 0.019); severity Trivy Low, Grype Negligible/Unknown (x 0.4 = 0.050). Reach 0.60 (not reviewed, default for where the package sits): nginx loads `libc6`, but whether it calls the vulnerable code was not checked. Fix: no fixed package version yet."
113,CVE-2025-13151,4.1,0.207,0.20,not reviewed,no,Low,High,-,libtasn1-6,no,,no,0.0118,7.5,libtasn1: libtasn1: Denial of Service via stack-based buffer overflow in asn1_expend_octet_string,"#113, score 4.1 = 100 x danger 0.207 x reach 0.20. Danger: EPSS 1.2% chance of exploitation in the next 30 days (anywhere, not in this image) (x 0.6 = 0.007); severity Trivy Low, Grype High (x 0.4 = 0.200). Reach 0.20 (not reviewed, default for where the package sits): `libtasn1-6` is used by other programs in the image, not by nginx. Fix: no fixed package version yet."
114,CVE-2023-50495,4.1,0.206,0.20,not reviewed,no,Medium,Medium,-,libtinfo6 ncurses-base ncurses-bin,no,,no,0.0096,6.5,ncurses: segmentation fault via _nc_wrap_entry(),"#114, score 4.1 = 100 x danger 0.206 x reach 0.20. Danger: EPSS 1.0% chance of exploitation in the next 30 days (anywhere, not in this image) (x 0.6 = 0.006); severity Trivy Medium, Grype Medium (x 0.4 = 0.200). Reach 0.20 (not reviewed, default for where the package sits): `libtinfo6`, `ncurses-base`, `ncurses-bin` is used by other programs in the image, not by nginx. Fix: no fixed package version yet."
115,CVE-2019-1010023,4.1,0.068,0.60,not reviewed,yes,Low,Negligible/Unknown,-,libc-bin libc6,no,,no,0.0304,8.8,glibc: running ldd on malicious ELF leads to code execution because of wrong size computation,"#115, score 4.1 = 100 x danger 0.068 x reach 0.60. Danger: EPSS 3.0% chance of exploitation in the next 30 days (anywhere, not in this image) (x 0.6 = 0.018); severity Trivy Low, Grype Negligible/Unknown (x 0.4 = 0.050). Reach 0.60 (not reviewed, default for where the package sits): nginx loads `libc6`, but whether it calls the vulnerable code was not checked. Fix: no fixed package version yet."
116,CVE-2026-6253,4.1,0.205,0.20,not reviewed,no,Medium,Medium,-,curl libcurl4,no,,no,0.0075,5.9,curl: curl: Proxy credential disclosure via redirects to unauthenticated proxies,"#116, score 4.1 = 100 x danger 0.205 x reach 0.20. Danger: EPSS 0.8% chance of exploitation in the next 30 days (anywhere, not in this image) (x 0.6 = 0.004); severity Trivy Medium, Grype Medium (x 0.4 = 0.200). Reach 0.20 (not reviewed, default for where the package sits): `curl`, `libcurl4` is used by other programs in the image, not by nginx. Fix: no fixed package version yet."
117,CVE-2026-3184,4.1,0.204,0.20,not reviewed,no,Medium,Medium,-,bsdutils libblkid1 libmount1 libsmartcols1 libuuid1 mount util-linux util-linux-extra,no,,no,0.0062,5.3,util-linux: util-linux: Access control bypass due to improper hostname canonicalization,"#117, score 4.1 = 100 x danger 0.204 x reach 0.20. Danger: EPSS 0.6% chance of exploitation in the next 30 days (anywhere, not in this image) (x 0.6 = 0.004); severity Trivy Medium, Grype Medium (x 0.4 = 0.200). Reach 0.20 (not reviewed, default for where the package sits): `bsdutils`, `libblkid1`, `libmount1`, `libsmartcols1`, `libuuid1`, `mount`, `util-linux`, `util-linux-extra` is used by other programs in the image, not by nginx. Fix: no fixed package version yet."
118,CVE-2026-6429,4.1,0.203,0.20,not reviewed,no,Medium,Medium,-,curl libcurl4,no,,no,0.0051,6.5,curl: libcurl: Credential leak via reused proxy connection during HTTP redirects,"#118, score 4.1 = 100 x danger 0.203 x reach 0.20. Danger: EPSS 0.5% chance of exploitation in the next 30 days (anywhere, not in this image) (x 0.6 = 0.003); severity Trivy Medium, Grype Medium (x 0.4 = 0.200). Reach 0.20 (not reviewed, default for where the package sits): `curl`, `libcurl4` is used by other programs in the image, not by nginx. Fix: no fixed package version yet."
119,CVE-2026-5545,4.1,0.203,0.20,not reviewed,no,Medium,Medium,-,curl libcurl4,no,,no,0.0051,6.5,curl: libcurl: Authentication bypass due to incorrect HTTP Negotiate connection reuse,"#119, score 4.1 = 100 x danger 0.203 x reach 0.20. Danger: EPSS 0.5% chance of exploitation in the next 30 days (anywhere, not in this image) (x 0.6 = 0.003); severity Trivy Medium, Grype Medium (x 0.4 = 0.200). Reach 0.20 (not reviewed, default for where the package sits): `curl`, `libcurl4` is used by other programs in the image, not by nginx. Fix: no fixed package version yet."
120,CVE-2026-54411,4.1,0.203,0.20,not reviewed,no,Medium,Medium,-,libpam-modules libpam-modules-bin libpam-runtime libpam0g,no,,no,0.0050,6.9,linux-pam: Plaintext password recovery via timing discrepancy in pam_userdb module,"#120, score 4.1 = 100 x danger 0.203 x reach 0.20. Danger: EPSS 0.5% chance of exploitation in the next 30 days (anywhere, not in this image) (x 0.6 = 0.003); severity Trivy Medium, Grype Medium (x 0.4 = 0.200). Reach 0.20 (not reviewed, default for where the package sits): `libpam-modules`, `libpam-modules-bin`, `libpam-runtime`, `libpam0g` is used by other programs in the image, not by nginx. Fix: no fixed package version yet."
121,CVE-2026-8376,4.1,0.203,0.20,not reviewed,no,-,Critical,-,perl-base,no,,no,0.0048,9.8,,"#121, score 4.1 = 100 x danger 0.203 x reach 0.20. Danger: EPSS 0.5% chance of exploitation in the next 30 days (anywhere, not in this image) (x 0.6 = 0.003); severity Trivy -, Grype Critical (a missing scanner counts as 0) (x 0.4 = 0.200). Reach 0.20 (not reviewed, default for where the package sits): `perl-base` is used by other programs in the image, not by nginx. Fix: no fixed package version yet."
122,CVE-2026-13608,4.1,0.203,0.20,not reviewed,no,Low,High,-,curl libcurl4,no,,no,0.0048,7.4,curl: curl: Authentication bypass in OpenLDAP SASL negotiation via Man-in-the-Middle (MITM) attack,"#122, score 4.1 = 100 x danger 0.203 x reach 0.20. Danger: EPSS 0.5% chance of exploitation in the next 30 days (anywhere, not in this image) (x 0.6 = 0.003); severity Trivy Low, Grype High (x 0.4 = 0.200). Reach 0.20 (not reviewed, default for where the package sits): `curl`, `libcurl4` is used by other programs in the image, not by nginx. Fix: no fixed package version yet."
123,CVE-2026-13221,4.1,0.203,0.20,not reviewed,no,-,Critical,-,perl-base,no,,no,0.0043,9.1,,"#123, score 4.1 = 100 x danger 0.203 x reach 0.20. Danger: EPSS 0.4% chance of exploitation in the next 30 days (anywhere, not in this image) (x 0.6 = 0.003); severity Trivy -, Grype Critical (a missing scanner counts as 0) (x 0.4 = 0.200). Reach 0.20 (not reviewed, default for where the package sits): `perl-base` is used by other programs in the image, not by nginx. Fix: no fixed package version yet."
124,CVE-2026-42496,4.1,0.203,0.20,not reviewed,no,-,Critical,-,perl-base,no,,no,0.0043,9.1,,"#124, score 4.1 = 100 x danger 0.203 x reach 0.20. Danger: EPSS 0.4% chance of exploitation in the next 30 days (anywhere, not in this image) (x 0.6 = 0.003); severity Trivy -, Grype Critical (a missing scanner counts as 0) (x 0.4 = 0.200). Reach 0.20 (not reviewed, default for where the package sits): `perl-base` is used by other programs in the image, not by nginx. Fix: no fixed package version yet."
125,CVE-2026-5704,4.0,0.202,0.20,not reviewed,no,Medium,Medium,-,tar,no,,no,0.0040,5.5,tar: tar: Hidden file injection via crafted archives,"#125, score 4.0 = 100 x danger 0.202 x reach 0.20. Danger: EPSS 0.4% chance of exploitation in the next 30 days (anywhere, not in this image) (x 0.6 = 0.002); severity Trivy Medium, Grype Medium (x 0.4 = 0.200). Reach 0.20 (not reviewed, default for where the package sits): `tar` is used by other programs in the image, not by nginx. Fix: no fixed package version yet."
126,CVE-2026-12087,4.0,0.202,0.20,not reviewed,no,-,Critical,-,perl-base,no,,no,0.0037,9.1,,"#126, score 4.0 = 100 x danger 0.202 x reach 0.20. Danger: EPSS 0.4% chance of exploitation in the next 30 days (anywhere, not in this image) (x 0.6 = 0.002); severity Trivy -, Grype Critical (a missing scanner counts as 0) (x 0.4 = 0.200). Reach 0.20 (not reviewed, default for where the package sits): `perl-base` is used by other programs in the image, not by nginx. Fix: no fixed package version yet."
127,CVE-2026-82209,4.0,0.202,0.20,not reviewed,no,Low,High,-,curl libcurl4,no,,no,0.0037,8.2,curl: libcurl: Information disclosure via improper Public Suffix List boundary check,"#127, score 4.0 = 100 x danger 0.202 x reach 0.20. Danger: EPSS 0.4% chance of exploitation in the next 30 days (anywhere, not in this image) (x 0.6 = 0.002); severity Trivy Low, Grype High (x 0.4 = 0.200). Reach 0.20 (not reviewed, default for where the package sits): `curl`, `libcurl4` is used by other programs in the image, not by nginx. Fix: no fixed package version yet."
128,CVE-2026-80230,4.0,0.202,0.20,not reviewed,no,Low,High,-,curl libcurl4,no,,no,0.0037,7.5,curl: curl: Public key pinning bypass allows unauthenticated connections,"#128, score 4.0 = 100 x danger 0.202 x reach 0.20. Danger: EPSS 0.4% chance of exploitation in the next 30 days (anywhere, not in this image) (x 0.6 = 0.002); severity Trivy Low, Grype High (x 0.4 = 0.200). Reach 0.20 (not reviewed, default for where the package sits): `curl`, `libcurl4` is used by other programs in the image, not by nginx. Fix: no fixed package version yet."
129,CVE-2026-4873,4.0,0.202,0.20,not reviewed,no,Medium,Medium,-,curl libcurl4,no,,no,0.0036,5.9,curl: curl: Information disclosure due to incorrect TLS connection reuse,"#129, score 4.0 = 100 x danger 0.202 x reach 0.20. Danger: EPSS 0.4% chance of exploitation in the next 30 days (anywhere, not in this image) (x 0.6 = 0.002); severity Trivy Medium, Grype Medium (x 0.4 = 0.200). Reach 0.20 (not reviewed, default for where the package sits): `curl`, `libcurl4` is used by other programs in the image, not by nginx. Fix: no fixed package version yet."
130,CVE-2026-57433,4.0,0.202,0.20,not reviewed,no,-,Critical,-,perl-base,no,,no,0.0036,9.8,,"#130, score 4.0 = 100 x danger 0.202 x reach 0.20. Danger: EPSS 0.4% chance of exploitation in the next 30 days (anywhere, not in this image) (x 0.6 = 0.002); severity Trivy -, Grype Critical (a missing scanner counts as 0) (x 0.4 = 0.200). Reach 0.20 (not reviewed, default for where the package sits): `perl-base` is used by other programs in the image, not by nginx. Fix: no fixed package version yet."
131,CVE-2026-58055,4.0,0.202,0.20,not reviewed,no,Medium,Medium,-,libnghttp2-14,no,,no,0.0032,6.3,nghttp2: nghttp2: HTTP Request/Response Smuggling and Response-Queue Poisoning via ambiguous HTTP/1.1 Upgrade requests,"#131, score 4.0 = 100 x danger 0.202 x reach 0.20. Danger: EPSS 0.3% chance of exploitation in the next 30 days (anywhere, not in this image) (x 0.6 = 0.002); severity Trivy Medium, Grype Medium (x 0.4 = 0.200). Reach 0.20 (not reviewed, default for where the package sits): `libnghttp2-14` is used by other programs in the image, not by nginx. Fix: no fixed package version yet."
132,CVE-2024-10041,4.0,0.202,0.20,not reviewed,no,Medium,Medium,-,libpam-modules libpam-modules-bin libpam-runtime libpam0g,no,,no,0.0027,4.7,pam: libpam: Libpam vulnerable to read hashed password,"#132, score 4.0 = 100 x danger 0.202 x reach 0.20. Danger: EPSS 0.3% chance of exploitation in the next 30 days (anywhere, not in this image) (x 0.6 = 0.002); severity Trivy Medium, Grype Medium (x 0.4 = 0.200). Reach 0.20 (not reviewed, default for where the package sits): `libpam-modules`, `libpam-modules-bin`, `libpam-runtime`, `libpam0g` is used by other programs in the image, not by nginx. Fix: no fixed package version yet."
133,CVE-2026-1965,4.0,0.202,0.20,not reviewed,no,Medium,Medium,-,curl libcurl4,no,,no,0.0026,6.8,curl: curl: Authentication bypass due to incorrect connection reuse with Negotiate authentication,"#133, score 4.0 = 100 x danger 0.202 x reach 0.20. Danger: EPSS 0.3% chance of exploitation in the next 30 days (anywhere, not in this image) (x 0.6 = 0.002); severity Trivy Medium, Grype Medium (x 0.4 = 0.200). Reach 0.20 (not reviewed, default for where the package sits): `curl`, `libcurl4` is used by other programs in the image, not by nginx. Fix: no fixed package version yet."
134,CVE-2026-15534,4.0,0.202,0.20,not reviewed,no,Medium,Medium,-,perl-base,no,,no,0.0026,5.7,perl: Perl: Arbitrary code execution via out-of-bounds memory access in regular expression engine.,"#134, score 4.0 = 100 x danger 0.202 x reach 0.20. Danger: EPSS 0.3% chance of exploitation in the next 30 days (anywhere, not in this image) (x 0.6 = 0.002); severity Trivy Medium, Grype Medium (x 0.4 = 0.200). Reach 0.20 (not reviewed, default for where the package sits): `perl-base` is used by other programs in the image, not by nginx. Fix: no fixed package version yet."
135,CVE-2026-13757,4.0,0.201,0.20,not reviewed,no,Medium,Medium,-,libp11-kit0,no,,no,0.0020,6.2,p11-kit: Stack exhaustion via unbounded recursion in RPC attribute parsing,"#135, score 4.0 = 100 x danger 0.201 x reach 0.20. Danger: EPSS 0.2% chance of exploitation in the next 30 days (anywhere, not in this image) (x 0.6 = 0.001); severity Trivy Medium, Grype Medium (x 0.4 = 0.200). Reach 0.20 (not reviewed, default for where the package sits): `libp11-kit0` is used by other programs in the image, not by nginx. Fix: no fixed package version yet."
136,CVE-2025-30258,4.0,0.201,0.20,not reviewed,no,Medium,Medium,-,gpgv,no,,no,0.0019,4.7,gnupg: verification DoS due to a malicious subkey in the keyring,"#136, score 4.0 = 100 x danger 0.201 x reach 0.20. Danger: EPSS 0.2% chance of exploitation in the next 30 days (anywhere, not in this image) (x 0.6 = 0.001); severity Trivy Medium, Grype Medium (x 0.4 = 0.200). Reach 0.20 (not reviewed, default for where the package sits): `gpgv` is used by other programs in the image, not by nginx. Fix: no fixed package version yet."
137,CVE-2026-42250,4.0,0.201,0.20,not reviewed,no,Medium,Medium,-,libbz2-1.0,no,,no,0.0018,5,bzip2: bzip2: Denial of Service in bzip2recover via a specially crafted file,"#137, score 4.0 = 100 x danger 0.201 x reach 0.20. Danger: EPSS 0.2% chance of exploitation in the next 30 days (anywhere, not in this image) (x 0.6 = 0.001); severity Trivy Medium, Grype Medium (x 0.4 = 0.200). Reach 0.20 (not reviewed, default for where the package sits): `libbz2-1.0` is used by other programs in the image, not by nginx. Fix: no fixed package version yet."
138,CVE-2026-54371,4.0,0.201,0.20,not reviewed,no,Medium,Medium,-,libattr1,no,,no,0.0018,6.3,attr: attr: Symlink Traversal Privilege Escalation via getfattr and setfattr,"#138, score 4.0 = 100 x danger 0.201 x reach 0.20. Danger: EPSS 0.2% chance of exploitation in the next 30 days (anywhere, not in this image) (x 0.6 = 0.001); severity Trivy Medium, Grype Medium (x 0.4 = 0.200). Reach 0.20 (not reviewed, default for where the package sits): `libattr1` is used by other programs in the image, not by nginx. Fix: no fixed package version yet."
139,CVE-2026-13595,4.0,0.201,0.20,not reviewed,no,Medium,Medium,-,bsdutils libblkid1 libmount1 libsmartcols1 libuuid1 mount util-linux util-linux-extra,no,,no,0.0017,6.8,util-linux: util-linux: heap use-after-free in libblkid nested partition probing,"#139, score 4.0 = 100 x danger 0.201 x reach 0.20. Danger: EPSS 0.2% chance of exploitation in the next 30 days (anywhere, not in this image) (x 0.6 = 0.001); severity Trivy Medium, Grype Medium (x 0.4 = 0.200). Reach 0.20 (not reviewed, default for where the package sits): `bsdutils`, `libblkid1`, `libmount1`, `libsmartcols1`, `libuuid1`, `mount`, `util-linux`, `util-linux-extra` is used by other programs in the image, not by nginx. Fix: no fixed package version yet."
140,CVE-2026-15059,4.0,0.201,0.20,not reviewed,no,Medium,Medium,-,libsystemd0 libudev1,no,,no,0.0016,5.5,systemd: systemd-oomd: Unprivileged users can terminate arbitrary processes via IPC API,"#140, score 4.0 = 100 x danger 0.201 x reach 0.20. Danger: EPSS 0.2% chance of exploitation in the next 30 days (anywhere, not in this image) (x 0.6 = 0.001); severity Trivy Medium, Grype Medium (x 0.4 = 0.200). Reach 0.20 (not reviewed, default for where the package sits): `libsystemd0`, `libudev1` is used by other programs in the image, not by nginx. Fix: no fixed package version yet."
141,CVE-2026-18938,4.0,0.201,0.20,not reviewed,no,Medium,Medium,-,libp11-kit0,no,,no,0.0015,6.2,p11-kit: Integer overflow in RPC attribute-array length calculation can under-allocate nested attribute storage on 32 bit systems,"#141, score 4.0 = 100 x danger 0.201 x reach 0.20. Danger: EPSS 0.2% chance of exploitation in the next 30 days (anywhere, not in this image) (x 0.6 = 0.001); severity Trivy Medium, Grype Medium (x 0.4 = 0.200). Reach 0.20 (not reviewed, default for where the package sits): `libp11-kit0` is used by other programs in the image, not by nginx. Fix: no fixed package version yet."
142,CVE-2026-41991,4.0,0.201,0.20,not reviewed,no,Medium,Medium,-,gzip,no,,no,0.0014,6,gzip: gzip: Arbitrary file overwrite via insecure temporary file handling in gzexe utility,"#142, score 4.0 = 100 x danger 0.201 x reach 0.20. Danger: EPSS 0.1% chance of exploitation in the next 30 days (anywhere, not in this image) (x 0.6 = 0.001); severity Trivy Medium, Grype Medium (x 0.4 = 0.200). Reach 0.20 (not reviewed, default for where the package sits): `gzip` is used by other programs in the image, not by nginx. Fix: no fixed package version yet."
143,CVE-2026-18508,4.0,0.201,0.20,not reviewed,no,Medium,Medium,-,tar,no,,no,0.0014,4.4,tar: tar: --one-top-level hardlink targets not confined to top-level directory enabling arbitrary file overwrite,"#143, score 4.0 = 100 x danger 0.201 x reach 0.20. Danger: EPSS 0.1% chance of exploitation in the next 30 days (anywhere, not in this image) (x 0.6 = 0.001); severity Trivy Medium, Grype Medium (x 0.4 = 0.200). Reach 0.20 (not reviewed, default for where the package sits): `tar` is used by other programs in the image, not by nginx. Fix: no fixed package version yet."
144,CVE-2026-27456,4.0,0.201,0.20,not reviewed,no,Medium,Medium,-,bsdutils libblkid1 libmount1 libsmartcols1 libuuid1 mount util-linux util-linux-extra,no,,no,0.0012,4.7,util-linux: TOCTOU in the mount program when setting up loop devices,"#144, score 4.0 = 100 x danger 0.201 x reach 0.20. Danger: EPSS 0.1% chance of exploitation in the next 30 days (anywhere, not in this image) (x 0.6 = 0.001); severity Trivy Medium, Grype Medium (x 0.4 = 0.200). Reach 0.20 (not reviewed, default for where the package sits): `bsdutils`, `libblkid1`, `libmount1`, `libsmartcols1`, `libuuid1`, `mount`, `util-linux`, `util-linux-extra` is used by other programs in the image, not by nginx. Fix: no fixed package version yet."
145,CVE-2025-68972,4.0,0.201,0.20,not reviewed,no,Medium,Medium,-,gpgv,no,,no,0.0011,5.9,gnupg: GnuPG: Signature bypass via form feed character in signed messages,"#145, score 4.0 = 100 x danger 0.201 x reach 0.20. Danger: EPSS 0.1% chance of exploitation in the next 30 days (anywhere, not in this image) (x 0.6 = 0.001); severity Trivy Medium, Grype Medium (x 0.4 = 0.200). Reach 0.20 (not reviewed, default for where the package sits): `gpgv` is used by other programs in the image, not by nginx. Fix: no fixed package version yet."
146,CVE-2026-18477,4.0,0.200,0.20,not reviewed,no,Medium,Medium,-,tar,no,,no,0.0008,4.4,tar: tar: TOCTOU in incremental dumpdir 'X' rename handling allows restore path escape,"#146, score 4.0 = 100 x danger 0.200 x reach 0.20. Danger: EPSS 0.1% chance of exploitation in the next 30 days (anywhere, not in this image) (x 0.6 = 0.000); severity Trivy Medium, Grype Medium (x 0.4 = 0.200). Reach 0.20 (not reviewed, default for where the package sits): `tar` is used by other programs in the image, not by nginx. Fix: no fixed package version yet."
147,CVE-2010-4756,3.9,0.066,0.60,not reviewed,yes,Low,Negligible/Unknown,-,libc-bin libc6,no,,no,0.0261,0.0,glibc: glob implementation can cause excessive CPU and memory consumption due to crafted glob expressions,"#147, score 3.9 = 100 x danger 0.066 x reach 0.60. Danger: EPSS 2.6% chance of exploitation in the next 30 days (anywhere, not in this image) (x 0.6 = 0.016); severity Trivy Low, Grype Negligible/Unknown (x 0.4 = 0.050). Reach 0.60 (not reviewed, default for where the package sits): nginx loads `libc6`, but whether it calls the vulnerable code was not checked. Fix: no fixed package version yet."
148,CVE-2019-9192,3.9,0.065,0.60,not reviewed,yes,Low,Negligible/Unknown,-,libc-bin libc6,no,,no,0.0245,7.5,glibc: uncontrolled recursion in function check_dst_limits_calc_pos_1 in posix/regexec.c,"#148, score 3.9 = 100 x danger 0.065 x reach 0.60. Danger: EPSS 2.4% chance of exploitation in the next 30 days (anywhere, not in this image) (x 0.6 = 0.015); severity Trivy Low, Grype Negligible/Unknown (x 0.4 = 0.050). Reach 0.60 (not reviewed, default for where the package sits): nginx loads `libc6`, but whether it calls the vulnerable code was not checked. Fix: no fixed package version yet."
149,CVE-2019-1010025,3.8,0.064,0.60,not reviewed,yes,Low,Negligible/Unknown,-,libc-bin libc6,no,,no,0.0227,5.3,glibc: information disclosure of heap addresses of pthread_created thread,"#149, score 3.8 = 100 x danger 0.064 x reach 0.60. Danger: EPSS 2.3% chance of exploitation in the next 30 days (anywhere, not in this image) (x 0.6 = 0.014); severity Trivy Low, Grype Negligible/Unknown (x 0.4 = 0.050). Reach 0.60 (not reviewed, default for where the package sits): nginx loads `libc6`, but whether it calls the vulnerable code was not checked. Fix: no fixed package version yet."
150,CVE-2013-0337,3.8,0.063,0.60,not reviewed,yes,-,Low,-,nginx,no,,no,0.0220,0.0,,"#150, score 3.8 = 100 x danger 0.063 x reach 0.60. Danger: EPSS 2.2% chance of exploitation in the next 30 days (anywhere, not in this image) (x 0.6 = 0.013); severity Trivy -, Grype Low (a missing scanner counts as 0) (x 0.4 = 0.050). Reach 0.60 (not reviewed, default for where the package sits): nginx loads `nginx`, but whether it calls the vulnerable code was not checked. Fix: no fixed package version yet."
151,CVE-2025-27587,3.2,0.053,0.60,not reviewed,yes,Low,Negligible/Unknown,-,libssl3 openssl,no,,no,0.0043,0.0,OpenSSL 3.0.0 through 3.3.2 on the PowerPC architecture is vulnerable  ...,"#151, score 3.2 = 100 x danger 0.053 x reach 0.60. Danger: EPSS 0.4% chance of exploitation in the next 30 days (anywhere, not in this image) (x 0.6 = 0.003); severity Trivy Low, Grype Negligible/Unknown (x 0.4 = 0.050). Reach 0.60 (not reviewed, default for where the package sits): nginx loads `libssl3`, but whether it calls the vulnerable code was not checked. Fix: no fixed package version yet."
152,CVE-2026-82560,3.1,0.154,0.20,not reviewed,no,Negligible/Unknown,High,-,perl-base,no,,no,0.0063,7.5,Pod::Text versions before 6.1.1 for Perl allow CPU and memory exhausti ...,"#152, score 3.1 = 100 x danger 0.154 x reach 0.20. Danger: EPSS 0.6% chance of exploitation in the next 30 days (anywhere, not in this image) (x 0.6 = 0.004); severity Trivy Negligible/Unknown, Grype High (x 0.4 = 0.150). Reach 0.20 (not reviewed, default for where the package sits): `perl-base` is used by other programs in the image, not by nginx. Fix: no fixed package version yet."
153,CVE-2026-48959,3.1,0.154,0.20,not reviewed,no,-,High,-,perl-base,no,,no,0.0061,7.5,,"#153, score 3.1 = 100 x danger 0.154 x reach 0.20. Danger: EPSS 0.6% chance of exploitation in the next 30 days (anywhere, not in this image) (x 0.6 = 0.004); severity Trivy -, Grype High (a missing scanner counts as 0) (x 0.4 = 0.150). Reach 0.20 (not reviewed, default for where the package sits): `perl-base` is used by other programs in the image, not by nginx. Fix: no fixed package version yet."
154,CVE-2026-48962,3.1,0.153,0.20,not reviewed,no,-,High,-,perl-base,no,,no,0.0050,7.8,,"#154, score 3.1 = 100 x danger 0.153 x reach 0.20. Danger: EPSS 0.5% chance of exploitation in the next 30 days (anywhere, not in this image) (x 0.6 = 0.003); severity Trivy -, Grype High (a missing scanner counts as 0) (x 0.4 = 0.150). Reach 0.20 (not reviewed, default for where the package sits): `perl-base` is used by other programs in the image, not by nginx. Fix: no fixed package version yet."
155,CVE-2026-42497,3.1,0.153,0.20,not reviewed,no,-,High,-,perl-base,no,,no,0.0047,7.5,,"#155, score 3.1 = 100 x danger 0.153 x reach 0.20. Danger: EPSS 0.5% chance of exploitation in the next 30 days (anywhere, not in this image) (x 0.6 = 0.003); severity Trivy -, Grype High (a missing scanner counts as 0) (x 0.4 = 0.150). Reach 0.20 (not reviewed, default for where the package sits): `perl-base` is used by other programs in the image, not by nginx. Fix: no fixed package version yet."
156,CVE-2025-11731,3.1,0.102,0.30,not reviewed,no,Low,Low,-,libxslt1.1,no,,no,0.0028,3.1,libxslt: Type Confusion in exsltFuncResultCompfunction of libxslt,"#156, score 3.1 = 100 x danger 0.102 x reach 0.30. Danger: EPSS 0.3% chance of exploitation in the next 30 days (anywhere, not in this image) (x 0.6 = 0.002); severity Trivy Low, Grype Low (x 0.4 = 0.100). Reach 0.30 (not reviewed, default for where the package sits): `libxslt1.1` is installed only for `nginx-module-xslt`, which no default config loads. Fix: no fixed package version yet."
157,CVE-2024-13978,3.0,0.101,0.30,not reviewed,no,Low,Low,-,libtiff6,no,,no,0.0020,2.5,libtiff: LibTIFF Null Pointer Dereference,"#157, score 3.0 = 100 x danger 0.101 x reach 0.30. Danger: EPSS 0.2% chance of exploitation in the next 30 days (anywhere, not in this image) (x 0.6 = 0.001); severity Trivy Low, Grype Low (x 0.4 = 0.100). Reach 0.30 (not reviewed, default for where the package sits): `libtiff6` is installed only for `nginx-module-image-filter`, which no default config loads. Fix: no fixed package version yet."
158,CVE-2026-7017,3.0,0.151,0.20,not reviewed,no,-,High,-,perl-base,no,,no,0.0025,7.1,,"#158, score 3.0 = 100 x danger 0.151 x reach 0.20. Danger: EPSS 0.2% chance of exploitation in the next 30 days (anywhere, not in this image) (x 0.6 = 0.001); severity Trivy -, Grype High (a missing scanner counts as 0) (x 0.4 = 0.150). Reach 0.20 (not reviewed, default for where the package sits): `perl-base` is used by other programs in the image, not by nginx. Fix: no fixed package version yet."
159,CVE-2026-57432,3.0,0.151,0.20,not reviewed,no,-,High,-,perl-base,no,,no,0.0021,8.4,,"#159, score 3.0 = 100 x danger 0.151 x reach 0.20. Danger: EPSS 0.2% chance of exploitation in the next 30 days (anywhere, not in this image) (x 0.6 = 0.001); severity Trivy -, Grype High (a missing scanner counts as 0) (x 0.4 = 0.150). Reach 0.20 (not reviewed, default for where the package sits): `perl-base` is used by other programs in the image, not by nginx. Fix: no fixed package version yet."
160,CVE-2025-6141,3.0,0.151,0.20,not reviewed,no,Low,Medium,-,libtinfo6 ncurses-base ncurses-bin,no,,no,0.0020,4.8,gnu-ncurses: ncurses Stack Buffer Overflow,"#160, score 3.0 = 100 x danger 0.151 x reach 0.20. Danger: EPSS 0.2% chance of exploitation in the next 30 days (anywhere, not in this image) (x 0.6 = 0.001); severity Trivy Low, Grype Medium (x 0.4 = 0.150). Reach 0.20 (not reviewed, default for where the package sits): `libtinfo6`, `ncurses-base`, `ncurses-bin` is used by other programs in the image, not by nginx. Fix: no fixed package version yet."
161,CVE-2026-53613,3.0,0.150,0.20,not reviewed,no,High,Negligible/Unknown,-,bsdutils libblkid1 libmount1 libsmartcols1 libuuid1 mount util-linux util-linux-extra,no,,no,0.0000,7,util-linux: util-linux: TOCTOU in the mount program via ancestor directory swap on target path,"#161, score 3.0 = 100 x danger 0.150 x reach 0.20. Danger: EPSS 0.0% chance of exploitation in the next 30 days (anywhere, not in this image) (x 0.6 = 0.000); severity Trivy High, Grype Negligible/Unknown (x 0.4 = 0.150). Reach 0.20 (not reviewed, default for where the package sits): `bsdutils`, `libblkid1`, `libmount1`, `libsmartcols1`, `libuuid1`, `mount`, `util-linux`, `util-linux-extra` is used by other programs in the image, not by nginx. Fix: no fixed package version yet."
162,CVE-2017-16232,2.5,0.084,0.30,not reviewed,no,Low,Negligible/Unknown,-,libtiff6,no,,no,0.0558,7.5,"libtiff: Memory leaks in tif_open.c, tif_lzw.c, and tif_aux.c","#162, score 2.5 = 100 x danger 0.084 x reach 0.30. Danger: EPSS 5.6% chance of exploitation in the next 30 days (anywhere, not in this image) (x 0.6 = 0.034); severity Trivy Low, Grype Negligible/Unknown (x 0.4 = 0.050). Reach 0.30 (not reviewed, default for where the package sits): `libtiff6` is installed only for `nginx-module-image-filter`, which no default config loads. Fix: no fixed package version yet."
163,CVE-2016-2781,2.1,0.103,0.20,not reviewed,no,Low,Low,-,coreutils,no,,no,0.0043,8.6,coreutils: Non-privileged session can escape to the parent session in chroot,"#163, score 2.1 = 100 x danger 0.103 x reach 0.20. Danger: EPSS 0.4% chance of exploitation in the next 30 days (anywhere, not in this image) (x 0.6 = 0.003); severity Trivy Low, Grype Low (x 0.4 = 0.100). Reach 0.20 (not reviewed, default for where the package sits): `coreutils` is used by other programs in the image, not by nginx. Fix: no fixed package version yet."
164,CVE-2024-56433,2.1,0.103,0.20,not reviewed,no,Low,Low,-,login passwd,no,,no,0.0043,3.6,shadow-utils: Default subordinate ID configuration in /etc/login.defs could lead to compromise,"#164, score 2.1 = 100 x danger 0.103 x reach 0.20. Danger: EPSS 0.4% chance of exploitation in the next 30 days (anywhere, not in this image) (x 0.6 = 0.003); severity Trivy Low, Grype Low (x 0.4 = 0.100). Reach 0.20 (not reviewed, default for where the package sits): `login`, `passwd` is used by other programs in the image, not by nginx. Fix: no fixed package version yet."
165,CVE-2026-19487,2.1,0.103,0.20,not reviewed,no,-,Medium,-,perl-base,no,,no,0.0042,5.3,,"#165, score 2.1 = 100 x danger 0.103 x reach 0.20. Danger: EPSS 0.4% chance of exploitation in the next 30 days (anywhere, not in this image) (x 0.6 = 0.003); severity Trivy -, Grype Medium (a missing scanner counts as 0) (x 0.4 = 0.100). Reach 0.20 (not reviewed, default for where the package sits): `perl-base` is used by other programs in the image, not by nginx. Fix: no fixed package version yet."
166,CVE-2026-7010,2.0,0.102,0.20,not reviewed,no,-,Medium,-,perl-base,no,,no,0.0036,6.5,,"#166, score 2.0 = 100 x danger 0.102 x reach 0.20. Danger: EPSS 0.4% chance of exploitation in the next 30 days (anywhere, not in this image) (x 0.6 = 0.002); severity Trivy -, Grype Medium (a missing scanner counts as 0) (x 0.4 = 0.100). Reach 0.20 (not reviewed, default for where the package sits): `perl-base` is used by other programs in the image, not by nginx. Fix: no fixed package version yet."
167,CVE-2017-9937,2.0,0.068,0.30,not reviewed,no,Low,Negligible/Unknown,-,libjbig0,no,,no,0.0296,6.5,libtiff: memory malloc failure in tif_jbig.c could cause DOS.,"#167, score 2.0 = 100 x danger 0.068 x reach 0.30. Danger: EPSS 3.0% chance of exploitation in the next 30 days (anywhere, not in this image) (x 0.6 = 0.018); severity Trivy Low, Grype Negligible/Unknown (x 0.4 = 0.050). Reach 0.30 (not reviewed, default for where the package sits): `libjbig0` is installed only for `nginx-module-image-filter`, which no default config loads. Fix: no fixed package version yet."
168,CVE-2026-57062,2.0,0.101,0.20,not reviewed,no,Low,Low,-,gpgv,no,,no,0.0015,2.9,GnuPG: Incorrect cryptographic message parsing,"#168, score 2.0 = 100 x danger 0.101 x reach 0.20. Danger: EPSS 0.1% chance of exploitation in the next 30 days (anywhere, not in this image) (x 0.6 = 0.001); severity Trivy Low, Grype Low (x 0.4 = 0.100). Reach 0.20 (not reviewed, default for where the package sits): `gpgv` is used by other programs in the image, not by nginx. Fix: no fixed package version yet."
169,CVE-2026-40228,2.0,0.101,0.20,not reviewed,no,Low,Low,-,libsystemd0 libudev1,no,,no,0.0014,3.3,systemd: systemd-journald: Unintended output to user terminals via logger command,"#169, score 2.0 = 100 x danger 0.101 x reach 0.20. Danger: EPSS 0.1% chance of exploitation in the next 30 days (anywhere, not in this image) (x 0.6 = 0.001); severity Trivy Low, Grype Low (x 0.4 = 0.100). Reach 0.20 (not reviewed, default for where the package sits): `libsystemd0`, `libudev1` is used by other programs in the image, not by nginx. Fix: no fixed package version yet."
170,CVE-2025-15649,2.0,0.101,0.20,not reviewed,no,-,Medium,-,perl-base,no,,no,0.0013,5.5,,"#170, score 2.0 = 100 x danger 0.101 x reach 0.20. Danger: EPSS 0.1% chance of exploitation in the next 30 days (anywhere, not in this image) (x 0.6 = 0.001); severity Trivy -, Grype Medium (a missing scanner counts as 0) (x 0.4 = 0.100). Reach 0.20 (not reviewed, default for where the package sits): `perl-base` is used by other programs in the image, not by nginx. Fix: no fixed package version yet."
171,CVE-2026-53615,2.0,0.100,0.20,not reviewed,no,Medium,Negligible/Unknown,-,bsdutils libblkid1 libmount1 libsmartcols1 libuuid1 mount util-linux util-linux-extra,no,,no,0.0000,0.0,[Integer Overflow or Wraparound in libblkid/src/partitions/dos.c],"#171, score 2.0 = 100 x danger 0.100 x reach 0.20. Danger: EPSS 0.0% chance of exploitation in the next 30 days (anywhere, not in this image) (x 0.6 = 0.000); severity Trivy Medium, Grype Negligible/Unknown (x 0.4 = 0.100). Reach 0.20 (not reviewed, default for where the package sits): `bsdutils`, `libblkid1`, `libmount1`, `libsmartcols1`, `libuuid1`, `mount`, `util-linux`, `util-linux-extra` is used by other programs in the image, not by nginx. Fix: no fixed package version yet."
172,CVE-2015-9019,1.9,0.064,0.30,not reviewed,no,Low,Negligible/Unknown,-,libxslt1.1,no,,no,0.0239,5.3,libxslt: math.random() in xslt uses unseeded randomness,"#172, score 1.9 = 100 x danger 0.064 x reach 0.30. Danger: EPSS 2.4% chance of exploitation in the next 30 days (anywhere, not in this image) (x 0.6 = 0.014); severity Trivy Low, Grype Negligible/Unknown (x 0.4 = 0.050). Reach 0.30 (not reviewed, default for where the package sits): `libxslt1.1` is installed only for `nginx-module-xslt`, which no default config loads. Fix: no fixed package version yet."
173,CVE-2017-17740,1.8,0.092,0.20,not reviewed,no,Low,Negligible/Unknown,-,libldap-2.5-0,no,,no,0.0702,7.5,openldap: contrib/slapd-modules/nops/nops.c attempts to free stack buffer allowing remote attackers to cause a denial of service,"#173, score 1.8 = 100 x danger 0.092 x reach 0.20. Danger: EPSS 7.0% chance of exploitation in the next 30 days (anywhere, not in this image) (x 0.6 = 0.042); severity Trivy Low, Grype Negligible/Unknown (x 0.4 = 0.050). Reach 0.20 (not reviewed, default for where the package sits): `libldap-2.5-0` is used by other programs in the image, not by nginx. Fix: no fixed package version yet."
174,CVE-2022-1210,1.8,0.061,0.30,not reviewed,no,Low,Negligible/Unknown,-,libtiff6,no,,no,0.0185,6.5,tiff: Malicious file leads to a denial of service in TIFF File Handler,"#174, score 1.8 = 100 x danger 0.061 x reach 0.30. Danger: EPSS 1.9% chance of exploitation in the next 30 days (anywhere, not in this image) (x 0.6 = 0.011); severity Trivy Low, Grype Negligible/Unknown (x 0.4 = 0.050). Reach 0.30 (not reviewed, default for where the package sits): `libtiff6` is installed only for `nginx-module-image-filter`, which no default config loads. Fix: no fixed package version yet."
175,CVE-2018-10126,1.8,0.061,0.30,not reviewed,no,Low,Negligible/Unknown,-,libtiff6,no,,no,0.0183,6.5,libtiff: NULL pointer dereference in the jpeg_fdct_16x16 function in jfdctint.c,"#175, score 1.8 = 100 x danger 0.061 x reach 0.30. Danger: EPSS 1.8% chance of exploitation in the next 30 days (anywhere, not in this image) (x 0.6 = 0.011); severity Trivy Low, Grype Negligible/Unknown (x 0.4 = 0.050). Reach 0.30 (not reviewed, default for where the package sits): `libtiff6` is installed only for `nginx-module-image-filter`, which no default config loads. Fix: no fixed package version yet."
176,CVE-2023-49463,1.6,0.055,0.30,not reviewed,no,Low,Negligible/Unknown,-,libheif1,no,,no,0.0077,8.8,libheif v1.17.5 was discovered to contain a segmentation violation via ...,"#176, score 1.6 = 100 x danger 0.055 x reach 0.30. Danger: EPSS 0.8% chance of exploitation in the next 30 days (anywhere, not in this image) (x 0.6 = 0.005); severity Trivy Low, Grype Negligible/Unknown (x 0.4 = 0.050). Reach 0.30 (not reviewed, default for where the package sits): `libheif1` is installed only for `nginx-module-image-filter`, which no default config loads. Fix: no fixed package version yet."
177,CVE-2015-3276,1.6,0.082,0.20,not reviewed,no,Low,Negligible/Unknown,-,libldap-2.5-0,no,,no,0.0527,7.5,openldap: incorrect multi-keyword mode cipherstring parsing,"#177, score 1.6 = 100 x danger 0.082 x reach 0.20. Danger: EPSS 5.3% chance of exploitation in the next 30 days (anywhere, not in this image) (x 0.6 = 0.032); severity Trivy Low, Grype Negligible/Unknown (x 0.4 = 0.050). Reach 0.20 (not reviewed, default for where the package sits): `libldap-2.5-0` is used by other programs in the image, not by nginx. Fix: no fixed package version yet."
178,CVE-2024-25269,1.6,0.054,0.30,not reviewed,no,Low,Negligible/Unknown,-,libheif1,no,,no,0.0069,0.0,libheif <= 1.17.6 contains a memory leak in the function JpegEncoder:: ...,"#178, score 1.6 = 100 x danger 0.054 x reach 0.30. Danger: EPSS 0.7% chance of exploitation in the next 30 days (anywhere, not in this image) (x 0.6 = 0.004); severity Trivy Low, Grype Negligible/Unknown (x 0.4 = 0.050). Reach 0.30 (not reviewed, default for where the package sits): `libheif1` is installed only for `nginx-module-image-filter`, which no default config loads. Fix: no fixed package version yet."
179,CVE-2021-4214,1.6,0.053,0.30,not reviewed,no,Low,Negligible/Unknown,-,libpng16-16,no,,no,0.0052,5.5,libpng: hardcoded value leads to heap-overflow,"#179, score 1.6 = 100 x danger 0.053 x reach 0.30. Danger: EPSS 0.5% chance of exploitation in the next 30 days (anywhere, not in this image) (x 0.6 = 0.003); severity Trivy Low, Grype Negligible/Unknown (x 0.4 = 0.050). Reach 0.30 (not reviewed, default for where the package sits): `libpng16-16` is installed only for `nginx-module-image-filter`, which no default config loads. Fix: no fixed package version yet."
180,CVE-2023-6228,1.6,0.052,0.30,not reviewed,no,Low,Negligible/Unknown,-,libtiff6,no,,no,0.0040,5.5,libtiff: heap-based buffer overflow in cpStripToTile() in tools/tiffcp.c,"#180, score 1.6 = 100 x danger 0.052 x reach 0.30. Danger: EPSS 0.4% chance of exploitation in the next 30 days (anywhere, not in this image) (x 0.6 = 0.002); severity Trivy Low, Grype Negligible/Unknown (x 0.4 = 0.050). Reach 0.30 (not reviewed, default for where the package sits): `libtiff6` is installed only for `nginx-module-image-filter`, which no default config loads. Fix: no fixed package version yet."
181,CVE-2023-52426,1.6,0.052,0.30,not reviewed,no,Low,Negligible/Unknown,-,libexpat1,no,,no,0.0037,5.5,expat: recursive XML entity expansion vulnerability,"#181, score 1.6 = 100 x danger 0.052 x reach 0.30. Danger: EPSS 0.4% chance of exploitation in the next 30 days (anywhere, not in this image) (x 0.6 = 0.002); severity Trivy Low, Grype Negligible/Unknown (x 0.4 = 0.050). Reach 0.30 (not reviewed, default for where the package sits): `libexpat1` is installed only for `nginx-module-image-filter`, which no default config loads. Fix: no fixed package version yet."
182,CVE-2023-1916,1.6,0.052,0.30,not reviewed,no,Low,Negligible/Unknown,-,libtiff6,no,,no,0.0036,6.1,libtiff: out-of-bounds read in extractImageSection() in tools/tiffcrop.c,"#182, score 1.6 = 100 x danger 0.052 x reach 0.30. Danger: EPSS 0.4% chance of exploitation in the next 30 days (anywhere, not in this image) (x 0.6 = 0.002); severity Trivy Low, Grype Negligible/Unknown (x 0.4 = 0.050). Reach 0.30 (not reviewed, default for where the package sits): `libtiff6` is installed only for `nginx-module-image-filter`, which no default config loads. Fix: no fixed package version yet."
183,CVE-2023-3164,1.6,0.052,0.30,not reviewed,no,Low,Negligible/Unknown,-,libtiff6,no,,no,0.0032,5.5,libtiff: heap-buffer-overflow in extractImageSection(),"#183, score 1.6 = 100 x danger 0.052 x reach 0.30. Danger: EPSS 0.3% chance of exploitation in the next 30 days (anywhere, not in this image) (x 0.6 = 0.002); severity Trivy Low, Grype Negligible/Unknown (x 0.4 = 0.050). Reach 0.30 (not reviewed, default for where the package sits): `libtiff6` is installed only for `nginx-module-image-filter`, which no default config loads. Fix: no fixed package version yet."
184,CVE-2025-8177,1.6,0.052,0.30,not reviewed,no,Low,Negligible/Unknown,-,libtiff6,no,,no,0.0029,7.8,libtiff: LibTIFF Buffer Overflow,"#184, score 1.6 = 100 x danger 0.052 x reach 0.30. Danger: EPSS 0.3% chance of exploitation in the next 30 days (anywhere, not in this image) (x 0.6 = 0.002); severity Trivy Low, Grype Negligible/Unknown (x 0.4 = 0.050). Reach 0.30 (not reviewed, default for where the package sits): `libtiff6` is installed only for `nginx-module-image-filter`, which no default config loads. Fix: no fixed package version yet."
185,CVE-2025-61144,1.5,0.052,0.30,not reviewed,no,Low,Negligible/Unknown,-,libtiff6,no,,no,0.0026,7.3,libtiff: libtiff: Denial of Service via buffer overflow,"#185, score 1.5 = 100 x danger 0.052 x reach 0.30. Danger: EPSS 0.3% chance of exploitation in the next 30 days (anywhere, not in this image) (x 0.6 = 0.002); severity Trivy Low, Grype Negligible/Unknown (x 0.4 = 0.050). Reach 0.30 (not reviewed, default for where the package sits): `libtiff6` is installed only for `nginx-module-image-filter`, which no default config loads. Fix: no fixed package version yet."
186,CVE-2025-8176,1.5,0.052,0.30,not reviewed,no,Low,Negligible/Unknown,-,libtiff6,no,,no,0.0025,7.8,libtiff: LibTIFF Use-After-Free Vulnerability,"#186, score 1.5 = 100 x danger 0.052 x reach 0.30. Danger: EPSS 0.3% chance of exploitation in the next 30 days (anywhere, not in this image) (x 0.6 = 0.002); severity Trivy Low, Grype Negligible/Unknown (x 0.4 = 0.050). Reach 0.30 (not reviewed, default for where the package sits): `libtiff6` is installed only for `nginx-module-image-filter`, which no default config loads. Fix: no fixed package version yet."
187,CVE-2025-9165,1.5,0.051,0.30,not reviewed,no,Low,Negligible/Unknown,-,libtiff6,no,,no,0.0022,3.3,libtiff: LibTIFF memory leak,"#187, score 1.5 = 100 x danger 0.051 x reach 0.30. Danger: EPSS 0.2% chance of exploitation in the next 30 days (anywhere, not in this image) (x 0.6 = 0.001); severity Trivy Low, Grype Negligible/Unknown (x 0.4 = 0.050). Reach 0.30 (not reviewed, default for where the package sits): `libtiff6` is installed only for `nginx-module-image-filter`, which no default config loads. Fix: no fixed package version yet."
188,CVE-2025-8961,1.5,0.051,0.30,not reviewed,no,Low,Negligible/Unknown,-,libtiff6,no,,no,0.0021,3.3,libtiff: LibTIFF memory corruption,"#188, score 1.5 = 100 x danger 0.051 x reach 0.30. Danger: EPSS 0.2% chance of exploitation in the next 30 days (anywhere, not in this image) (x 0.6 = 0.001); severity Trivy Low, Grype Negligible/Unknown (x 0.4 = 0.050). Reach 0.30 (not reviewed, default for where the package sits): `libtiff6` is installed only for `nginx-module-image-filter`, which no default config loads. Fix: no fixed package version yet."
189,CVE-2025-8534,1.5,0.051,0.30,not reviewed,no,Low,Negligible/Unknown,-,libtiff6,no,,no,0.0019,2.5,libtiff: Libtiff Null Pointer Dereference Vulnerability,"#189, score 1.5 = 100 x danger 0.051 x reach 0.30. Danger: EPSS 0.2% chance of exploitation in the next 30 days (anywhere, not in this image) (x 0.6 = 0.001); severity Trivy Low, Grype Negligible/Unknown (x 0.4 = 0.050). Reach 0.30 (not reviewed, default for where the package sits): `libtiff6` is installed only for `nginx-module-image-filter`, which no default config loads. Fix: no fixed package version yet."
190,CVE-2026-52491,1.5,0.051,0.30,not reviewed,no,Low,Negligible/Unknown,-,libtiff6,no,,no,0.0019,7.3,libtiff: libtiff: Arbitrary code execution via thumbnail.c: main() component,"#190, score 1.5 = 100 x danger 0.051 x reach 0.30. Danger: EPSS 0.2% chance of exploitation in the next 30 days (anywhere, not in this image) (x 0.6 = 0.001); severity Trivy Low, Grype Negligible/Unknown (x 0.4 = 0.050). Reach 0.30 (not reviewed, default for where the package sits): `libtiff6` is installed only for `nginx-module-image-filter`, which no default config loads. Fix: no fixed package version yet."
191,CVE-2026-52492,1.5,0.051,0.30,not reviewed,no,Low,Negligible/Unknown,-,libtiff6,no,,no,0.0019,7.3,libtiff: libtiff: Arbitrary code execution via crafted TIFF image,"#191, score 1.5 = 100 x danger 0.051 x reach 0.30. Danger: EPSS 0.2% chance of exploitation in the next 30 days (anywhere, not in this image) (x 0.6 = 0.001); severity Trivy Low, Grype Negligible/Unknown (x 0.4 = 0.050). Reach 0.30 (not reviewed, default for where the package sits): `libtiff6` is installed only for `nginx-module-image-filter`, which no default config loads. Fix: no fixed package version yet."
192,CVE-2025-8851,1.5,0.051,0.30,not reviewed,no,Low,Negligible/Unknown,-,libtiff6,no,,no,0.0018,5.3,libtiff: LibTIFF Stack-based buffer overflow,"#192, score 1.5 = 100 x danger 0.051 x reach 0.30. Danger: EPSS 0.2% chance of exploitation in the next 30 days (anywhere, not in this image) (x 0.6 = 0.001); severity Trivy Low, Grype Negligible/Unknown (x 0.4 = 0.050). Reach 0.30 (not reviewed, default for where the package sits): `libtiff6` is installed only for `nginx-module-image-filter`, which no default config loads. Fix: no fixed package version yet."
193,CVE-2026-3713,1.5,0.051,0.30,not reviewed,no,Low,Negligible/Unknown,-,libpng16-16,no,,no,0.0017,5.3,libpng: libpng: Heap-based buffer overflow in pnm2png allows information disclosure and denial of service,"#193, score 1.5 = 100 x danger 0.051 x reach 0.30. Danger: EPSS 0.2% chance of exploitation in the next 30 days (anywhere, not in this image) (x 0.6 = 0.001); severity Trivy Low, Grype Negligible/Unknown (x 0.4 = 0.050). Reach 0.30 (not reviewed, default for where the package sits): `libpng16-16` is installed only for `nginx-module-image-filter`, which no default config loads. Fix: no fixed package version yet."
194,CVE-2025-61147,1.5,0.051,0.30,not reviewed,no,Low,Negligible/Unknown,-,libde265-0,no,,no,0.0016,6.2,strukturag libde265 commit d9fea9d wa discovered to contain a segmenta ...,"#194, score 1.5 = 100 x danger 0.051 x reach 0.30. Danger: EPSS 0.2% chance of exploitation in the next 30 days (anywhere, not in this image) (x 0.6 = 0.001); severity Trivy Low, Grype Negligible/Unknown (x 0.4 = 0.050). Reach 0.30 (not reviewed, default for where the package sits): `libde265-0` is installed only for `nginx-module-image-filter`, which no default config loads. Fix: no fixed package version yet."
195,CVE-2025-28162,1.5,0.051,0.30,not reviewed,no,Low,Negligible/Unknown,-,libpng16-16,no,,no,0.0016,6.2,libpng: libpng: Denial of Service via buffer overflow in pngimage utility,"#195, score 1.5 = 100 x danger 0.051 x reach 0.30. Danger: EPSS 0.2% chance of exploitation in the next 30 days (anywhere, not in this image) (x 0.6 = 0.001); severity Trivy Low, Grype Negligible/Unknown (x 0.4 = 0.050). Reach 0.30 (not reviewed, default for where the package sits): `libpng16-16` is installed only for `nginx-module-image-filter`, which no default config loads. Fix: no fixed package version yet."
196,CVE-2025-28164,1.5,0.051,0.30,not reviewed,no,Low,Negligible/Unknown,-,libpng16-16,no,,no,0.0016,5.5,libpng: libpng: Denial of Service via buffer overflow in png_create_read_struct() function,"#196, score 1.5 = 100 x danger 0.051 x reach 0.30. Danger: EPSS 0.2% chance of exploitation in the next 30 days (anywhere, not in this image) (x 0.6 = 0.001); severity Trivy Low, Grype Negligible/Unknown (x 0.4 = 0.050). Reach 0.30 (not reviewed, default for where the package sits): `libpng16-16` is installed only for `nginx-module-image-filter`, which no default config loads. Fix: no fixed package version yet."
197,CVE-2026-3949,1.5,0.051,0.30,not reviewed,no,Low,Negligible/Unknown,-,libheif1,no,,no,0.0016,3.3,libheif: libheif: Out-of-bounds read via local argument manipulation,"#197, score 1.5 = 100 x danger 0.051 x reach 0.30. Danger: EPSS 0.2% chance of exploitation in the next 30 days (anywhere, not in this image) (x 0.6 = 0.001); severity Trivy Low, Grype Negligible/Unknown (x 0.4 = 0.050). Reach 0.30 (not reviewed, default for where the package sits): `libheif1` is installed only for `nginx-module-image-filter`, which no default config loads. Fix: no fixed package version yet."
198,CVE-2026-11979,1.5,0.051,0.30,not reviewed,no,Low,Negligible/Unknown,-,libxml2,no,,no,0.0015,7.8,libxml2: libxml2: Arbitrary code execution in xmlcatalog utility via buffer overflow,"#198, score 1.5 = 100 x danger 0.051 x reach 0.30. Danger: EPSS 0.1% chance of exploitation in the next 30 days (anywhere, not in this image) (x 0.6 = 0.001); severity Trivy Low, Grype Negligible/Unknown (x 0.4 = 0.050). Reach 0.30 (not reviewed, default for where the package sits): `libxml2` is installed only for `nginx-module-njs`, `nginx-module-xslt`, which no default config loads. Fix: no fixed package version yet."
199,CVE-2025-61145,1.5,0.051,0.30,not reviewed,no,Low,Negligible/Unknown,-,libtiff6,no,,no,0.0014,5,libtiff: libtiff: Denial of service via double free in tiffcrop.c,"#199, score 1.5 = 100 x danger 0.051 x reach 0.30. Danger: EPSS 0.1% chance of exploitation in the next 30 days (anywhere, not in this image) (x 0.6 = 0.001); severity Trivy Low, Grype Negligible/Unknown (x 0.4 = 0.050). Reach 0.30 (not reviewed, default for where the package sits): `libtiff6` is installed only for `nginx-module-image-filter`, which no default config loads. Fix: no fixed package version yet."
200,CVE-2025-61143,1.5,0.051,0.30,not reviewed,no,Low,Negligible/Unknown,-,libtiff6,no,,no,0.0012,5.5,libtiff: libtiff: Denial of Service via NULL pointer dereference in tif_open.c,"#200, score 1.5 = 100 x danger 0.051 x reach 0.30. Danger: EPSS 0.1% chance of exploitation in the next 30 days (anywhere, not in this image) (x 0.6 = 0.001); severity Trivy Low, Grype Negligible/Unknown (x 0.4 = 0.050). Reach 0.30 (not reviewed, default for where the package sits): `libtiff6` is installed only for `nginx-module-image-filter`, which no default config loads. Fix: no fixed package version yet."
201,CVE-2005-2541,1.5,0.074,0.20,not reviewed,no,Low,Negligible/Unknown,-,tar,no,,no,0.0399,7,tar: does not properly warn the user when extracting setuid or setgid files,"#201, score 1.5 = 100 x danger 0.074 x reach 0.20. Danger: EPSS 4.0% chance of exploitation in the next 30 days (anywhere, not in this image) (x 0.6 = 0.024); severity Trivy Low, Grype Negligible/Unknown (x 0.4 = 0.050). Reach 0.20 (not reviewed, default for where the package sits): `tar` is used by other programs in the image, not by nginx. Fix: no fixed package version yet."
202,CVE-2020-15719,1.3,0.065,0.20,not reviewed,no,Low,Negligible/Unknown,-,libldap-2.5-0,no,,no,0.0251,4.2,openldap: Certificate validation incorrectly matches name against CN-ID,"#202, score 1.3 = 100 x danger 0.065 x reach 0.20. Danger: EPSS 2.5% chance of exploitation in the next 30 days (anywhere, not in this image) (x 0.6 = 0.015); severity Trivy Low, Grype Negligible/Unknown (x 0.4 = 0.050). Reach 0.20 (not reviewed, default for where the package sits): `libldap-2.5-0` is used by other programs in the image, not by nginx. Fix: no fixed package version yet."
203,CVE-2018-5709,1.2,0.062,0.20,not reviewed,no,Low,Negligible/Unknown,-,libgssapi-krb5-2 libk5crypto3 libkrb5-3 libkrb5support0,no,,no,0.0205,7.5,krb5: integer overflow in dbentry->n_key_data in kadmin/dbutil/dump.c,"#203, score 1.2 = 100 x danger 0.062 x reach 0.20. Danger: EPSS 2.0% chance of exploitation in the next 30 days (anywhere, not in this image) (x 0.6 = 0.012); severity Trivy Low, Grype Negligible/Unknown (x 0.4 = 0.050). Reach 0.20 (not reviewed, default for where the package sits): `libgssapi-krb5-2`, `libk5crypto3`, `libkrb5-3`, `libkrb5support0` is used by other programs in the image, not by nginx. Fix: no fixed package version yet."
204,CVE-2018-6829,1.2,0.061,0.20,not reviewed,no,Low,Negligible/Unknown,-,libgcrypt20,no,,no,0.0178,7.5,libgcrypt: ElGamal implementation doesn't have semantic security due to incorrectly encoded plaintexts possibly allowing to obtain sensitive information,"#204, score 1.2 = 100 x danger 0.061 x reach 0.20. Danger: EPSS 1.8% chance of exploitation in the next 30 days (anywhere, not in this image) (x 0.6 = 0.011); severity Trivy Low, Grype Negligible/Unknown (x 0.4 = 0.050). Reach 0.20 (not reviewed, default for where the package sits): `libgcrypt20` is used by other programs in the image, not by nginx. Fix: no fixed package version yet."
205,CVE-2023-31486,1.2,0.060,0.20,not reviewed,no,Low,Negligible/Unknown,-,perl-base,no,,no,0.0174,8.1,http-tiny: perl: insecure TLS cert default,"#205, score 1.2 = 100 x danger 0.060 x reach 0.20. Danger: EPSS 1.7% chance of exploitation in the next 30 days (anywhere, not in this image) (x 0.6 = 0.010); severity Trivy Low, Grype Negligible/Unknown (x 0.4 = 0.050). Reach 0.20 (not reviewed, default for where the package sits): `perl-base` is used by other programs in the image, not by nginx. Fix: no fixed package version yet."
206,CVE-2024-2379,1.2,0.060,0.20,not reviewed,no,Low,Negligible/Unknown,-,curl libcurl4,no,,no,0.0171,6.3,curl: QUIC certificate check bypass with wolfSSL,"#206, score 1.2 = 100 x danger 0.060 x reach 0.20. Danger: EPSS 1.7% chance of exploitation in the next 30 days (anywhere, not in this image) (x 0.6 = 0.010); severity Trivy Low, Grype Negligible/Unknown (x 0.4 = 0.050). Reach 0.20 (not reviewed, default for where the package sits): `curl`, `libcurl4` is used by other programs in the image, not by nginx. Fix: no fixed package version yet."
207,CVE-2025-0725,1.2,0.058,0.20,not reviewed,no,Low,Negligible/Unknown,-,curl libcurl4,no,,no,0.0126,7.3,libcurl: Buffer Overflow in libcurl via zlib Integer Overflow,"#207, score 1.2 = 100 x danger 0.058 x reach 0.20. Danger: EPSS 1.3% chance of exploitation in the next 30 days (anywhere, not in this image) (x 0.6 = 0.008); severity Trivy Low, Grype Negligible/Unknown (x 0.4 = 0.050). Reach 0.20 (not reviewed, default for where the package sits): `curl`, `libcurl4` is used by other programs in the image, not by nginx. Fix: no fixed package version yet."
208,CVE-2011-3374,1.1,0.057,0.20,not reviewed,no,Low,Negligible/Unknown,-,apt libapt-pkg6.0,no,,no,0.0119,3.7,"It was found that apt-key in apt, all versions, do not correctly valid ...","#208, score 1.1 = 100 x danger 0.057 x reach 0.20. Danger: EPSS 1.2% chance of exploitation in the next 30 days (anywhere, not in this image) (x 0.6 = 0.007); severity Trivy Low, Grype Negligible/Unknown (x 0.4 = 0.050). Reach 0.20 (not reviewed, default for where the package sits): `apt`, `libapt-pkg6.0` is used by other programs in the image, not by nginx. Fix: no fixed package version yet."
209,CVE-2024-26461,1.1,0.057,0.20,not reviewed,no,Low,Negligible/Unknown,-,libgssapi-krb5-2 libk5crypto3 libkrb5-3 libkrb5support0,no,,no,0.0113,5.9,krb5: Memory leak at /krb5/src/lib/gssapi/krb5/k5sealv3.c,"#209, score 1.1 = 100 x danger 0.057 x reach 0.20. Danger: EPSS 1.1% chance of exploitation in the next 30 days (anywhere, not in this image) (x 0.6 = 0.007); severity Trivy Low, Grype Negligible/Unknown (x 0.4 = 0.050). Reach 0.20 (not reviewed, default for where the package sits): `libgssapi-krb5-2`, `libk5crypto3`, `libkrb5-3`, `libkrb5support0` is used by other programs in the image, not by nginx. Fix: no fixed package version yet."
210,CVE-2024-2236,1.1,0.057,0.20,not reviewed,no,Low,Negligible/Unknown,-,libgcrypt20,no,,no,0.0111,5.9,libgcrypt: vulnerable to Marvin Attack,"#210, score 1.1 = 100 x danger 0.057 x reach 0.20. Danger: EPSS 1.1% chance of exploitation in the next 30 days (anywhere, not in this image) (x 0.6 = 0.007); severity Trivy Low, Grype Negligible/Unknown (x 0.4 = 0.050). Reach 0.20 (not reviewed, default for where the package sits): `libgcrypt20` is used by other programs in the image, not by nginx. Fix: no fixed package version yet."
211,CVE-2007-5686,1.1,0.056,0.20,not reviewed,no,Low,Negligible/Unknown,-,login passwd,no,,no,0.0094,0.0,initscripts in rPath Linux 1 sets insecure permissions for the /var/lo ...,"#211, score 1.1 = 100 x danger 0.056 x reach 0.20. Danger: EPSS 0.9% chance of exploitation in the next 30 days (anywhere, not in this image) (x 0.6 = 0.006); severity Trivy Low, Grype Negligible/Unknown (x 0.4 = 0.050). Reach 0.20 (not reviewed, default for where the package sits): `login`, `passwd` is used by other programs in the image, not by nginx. Fix: no fixed package version yet."
212,CVE-2022-27943,1.1,0.055,0.20,not reviewed,no,Low,Negligible/Unknown,-,gcc-12-base libgcc-s1 libstdc++6,no,,no,0.0091,5.5,binutils: libiberty/rust-demangle.c in GNU GCC 11.2 allows stack exhaustion in demangle_const,"#212, score 1.1 = 100 x danger 0.055 x reach 0.20. Danger: EPSS 0.9% chance of exploitation in the next 30 days (anywhere, not in this image) (x 0.6 = 0.005); severity Trivy Low, Grype Negligible/Unknown (x 0.4 = 0.050). Reach 0.20 (not reviewed, default for where the package sits): `gcc-12-base`, `libgcc-s1`, `libstdc++6` is used by other programs in the image, not by nginx. Fix: no fixed package version yet."
213,CVE-2024-26458,1.1,0.055,0.20,not reviewed,no,Low,Negligible/Unknown,-,libgssapi-krb5-2 libk5crypto3 libkrb5-3 libkrb5support0,no,,no,0.0081,5.9,krb5: Memory leak at /krb5/src/lib/rpc/pmap_rmt.c,"#213, score 1.1 = 100 x danger 0.055 x reach 0.20. Danger: EPSS 0.8% chance of exploitation in the next 30 days (anywhere, not in this image) (x 0.6 = 0.005); severity Trivy Low, Grype Negligible/Unknown (x 0.4 = 0.050). Reach 0.20 (not reviewed, default for where the package sits): `libgssapi-krb5-2`, `libk5crypto3`, `libkrb5-3`, `libkrb5support0` is used by other programs in the image, not by nginx. Fix: no fixed package version yet."
214,CVE-2025-15079,1.1,0.053,0.20,not reviewed,no,Low,Negligible/Unknown,-,curl libcurl4,no,,no,0.0055,8.1,curl: Host verification bypass during SSH transfers,"#214, score 1.1 = 100 x danger 0.053 x reach 0.20. Danger: EPSS 0.5% chance of exploitation in the next 30 days (anywhere, not in this image) (x 0.6 = 0.003); severity Trivy Low, Grype Negligible/Unknown (x 0.4 = 0.050). Reach 0.20 (not reviewed, default for where the package sits): `curl`, `libcurl4` is used by other programs in the image, not by nginx. Fix: no fixed package version yet."
215,CVE-2011-4116,1.1,0.053,0.20,not reviewed,no,Low,Negligible/Unknown,-,perl-base,no,,no,0.0052,3.3,perl: File:: Temp insecure temporary file handling,"#215, score 1.1 = 100 x danger 0.053 x reach 0.20. Danger: EPSS 0.5% chance of exploitation in the next 30 days (anywhere, not in this image) (x 0.6 = 0.003); severity Trivy Low, Grype Negligible/Unknown (x 0.4 = 0.050). Reach 0.20 (not reviewed, default for where the package sits): `perl-base` is used by other programs in the image, not by nginx. Fix: no fixed package version yet."
216,CVE-2026-9547,1.1,0.053,0.20,not reviewed,no,Low,Negligible/Unknown,-,curl libcurl4,no,,no,0.0051,7.4,curl: curl: Man-in-the-middle attack via SSH host key bypass,"#216, score 1.1 = 100 x danger 0.053 x reach 0.20. Danger: EPSS 0.5% chance of exploitation in the next 30 days (anywhere, not in this image) (x 0.6 = 0.003); severity Trivy Low, Grype Negligible/Unknown (x 0.4 = 0.050). Reach 0.20 (not reviewed, default for where the package sits): `curl`, `libcurl4` is used by other programs in the image, not by nginx. Fix: no fixed package version yet."
217,CVE-2025-15224,1.1,0.053,0.20,not reviewed,no,Low,Negligible/Unknown,-,curl libcurl4,no,,no,0.0048,4.7,curl: libssh key passphrase bypass without agent set,"#217, score 1.1 = 100 x danger 0.053 x reach 0.20. Danger: EPSS 0.5% chance of exploitation in the next 30 days (anywhere, not in this image) (x 0.6 = 0.003); severity Trivy Low, Grype Negligible/Unknown (x 0.4 = 0.050). Reach 0.20 (not reviewed, default for where the package sits): `curl`, `libcurl4` is used by other programs in the image, not by nginx. Fix: no fixed package version yet."
218,CVE-2013-4392,1.1,0.053,0.20,not reviewed,no,Low,Negligible/Unknown,-,libsystemd0 libudev1,no,,no,0.0047,0.0,systemd: TOCTOU race condition when updating file permissions and SELinux security contexts,"#218, score 1.1 = 100 x danger 0.053 x reach 0.20. Danger: EPSS 0.5% chance of exploitation in the next 30 days (anywhere, not in this image) (x 0.6 = 0.003); severity Trivy Low, Grype Negligible/Unknown (x 0.4 = 0.050). Reach 0.20 (not reviewed, default for where the package sits): `libsystemd0`, `libudev1` is used by other programs in the image, not by nginx. Fix: no fixed package version yet."
219,CVE-2022-0563,1.1,0.053,0.20,not reviewed,no,Low,Negligible/Unknown,-,bsdutils libblkid1 libmount1 libsmartcols1 libuuid1 mount util-linux util-linux-extra,no,,no,0.0043,5.5,util-linux: partial disclosure of arbitrary files in chfn and chsh when compiled with libreadline,"#219, score 1.1 = 100 x danger 0.053 x reach 0.20. Danger: EPSS 0.4% chance of exploitation in the next 30 days (anywhere, not in this image) (x 0.6 = 0.003); severity Trivy Low, Grype Negligible/Unknown (x 0.4 = 0.050). Reach 0.20 (not reviewed, default for where the package sits): `bsdutils`, `libblkid1`, `libmount1`, `libsmartcols1`, `libuuid1`, `mount`, `util-linux`, `util-linux-extra` is used by other programs in the image, not by nginx. Fix: no fixed package version yet."
220,CVE-2025-10966,1.0,0.052,0.20,not reviewed,no,Low,Negligible/Unknown,-,curl libcurl4,no,,no,0.0040,5.9,curl: Curl missing SFTP host verification with wolfSSH backend,"#220, score 1.0 = 100 x danger 0.052 x reach 0.20. Danger: EPSS 0.4% chance of exploitation in the next 30 days (anywhere, not in this image) (x 0.6 = 0.002); severity Trivy Low, Grype Negligible/Unknown (x 0.4 = 0.050). Reach 0.20 (not reviewed, default for where the package sits): `curl`, `libcurl4` is used by other programs in the image, not by nginx. Fix: no fixed package version yet."
221,CVE-2023-31439,1.0,0.052,0.20,not reviewed,no,Low,Negligible/Unknown,-,libsystemd0 libudev1,no,,no,0.0035,5.3,An issue was discovered in systemd 253. An attacker can modify the con ...,"#221, score 1.0 = 100 x danger 0.052 x reach 0.20. Danger: EPSS 0.3% chance of exploitation in the next 30 days (anywhere, not in this image) (x 0.6 = 0.002); severity Trivy Low, Grype Negligible/Unknown (x 0.4 = 0.050). Reach 0.20 (not reviewed, default for where the package sits): `libsystemd0`, `libudev1` is used by other programs in the image, not by nginx. Fix: no fixed package version yet."
222,CVE-2017-14159,1.0,0.052,0.20,not reviewed,no,Low,Negligible/Unknown,-,libldap-2.5-0,no,,no,0.0035,4.7,openldap: Privilege escalation via PID file manipulation,"#222, score 1.0 = 100 x danger 0.052 x reach 0.20. Danger: EPSS 0.3% chance of exploitation in the next 30 days (anywhere, not in this image) (x 0.6 = 0.002); severity Trivy Low, Grype Negligible/Unknown (x 0.4 = 0.050). Reach 0.20 (not reviewed, default for where the package sits): `libldap-2.5-0` is used by other programs in the image, not by nginx. Fix: no fixed package version yet."
223,CVE-2017-18018,1.0,0.052,0.20,not reviewed,no,Low,Negligible/Unknown,-,coreutils,no,,no,0.0034,4.7,coreutils: race condition vulnerability in chown and chgrp,"#223, score 1.0 = 100 x danger 0.052 x reach 0.20. Danger: EPSS 0.3% chance of exploitation in the next 30 days (anywhere, not in this image) (x 0.6 = 0.002); severity Trivy Low, Grype Negligible/Unknown (x 0.4 = 0.050). Reach 0.20 (not reviewed, default for where the package sits): `coreutils` is used by other programs in the image, not by nginx. Fix: no fixed package version yet."
224,CVE-2023-31437,1.0,0.052,0.20,not reviewed,no,Low,Negligible/Unknown,-,libsystemd0 libudev1,no,,no,0.0034,5.3,An issue was discovered in systemd 253. An attacker can modify a seale ...,"#224, score 1.0 = 100 x danger 0.052 x reach 0.20. Danger: EPSS 0.3% chance of exploitation in the next 30 days (anywhere, not in this image) (x 0.6 = 0.002); severity Trivy Low, Grype Negligible/Unknown (x 0.4 = 0.050). Reach 0.20 (not reviewed, default for where the package sits): `libsystemd0`, `libudev1` is used by other programs in the image, not by nginx. Fix: no fixed package version yet."
225,CVE-2026-53910,1.0,0.052,0.20,not reviewed,no,Low,Negligible/Unknown,-,diffutils,no,,no,0.0033,5.3,diffutils: heap‑based buffer overflow due to multiple signed integer overflows in line‑mapping calculations,"#225, score 1.0 = 100 x danger 0.052 x reach 0.20. Danger: EPSS 0.3% chance of exploitation in the next 30 days (anywhere, not in this image) (x 0.6 = 0.002); severity Trivy Low, Grype Negligible/Unknown (x 0.4 = 0.050). Reach 0.20 (not reviewed, default for where the package sits): `diffutils` is used by other programs in the image, not by nginx. Fix: no fixed package version yet."
226,CVE-2023-31438,1.0,0.052,0.20,not reviewed,no,Low,Negligible/Unknown,-,libsystemd0 libudev1,no,,no,0.0032,5.3,An issue was discovered in systemd 253. An attacker can truncate a sea ...,"#226, score 1.0 = 100 x danger 0.052 x reach 0.20. Danger: EPSS 0.3% chance of exploitation in the next 30 days (anywhere, not in this image) (x 0.6 = 0.002); severity Trivy Low, Grype Negligible/Unknown (x 0.4 = 0.050). Reach 0.20 (not reviewed, default for where the package sits): `libsystemd0`, `libudev1` is used by other programs in the image, not by nginx. Fix: no fixed package version yet."
227,CVE-2022-3219,1.0,0.052,0.20,not reviewed,no,Low,Negligible/Unknown,-,gpgv,no,,no,0.0029,6.2,gnupg: denial of service issue (resource consumption) using compressed packets,"#227, score 1.0 = 100 x danger 0.052 x reach 0.20. Danger: EPSS 0.3% chance of exploitation in the next 30 days (anywhere, not in this image) (x 0.6 = 0.002); severity Trivy Low, Grype Negligible/Unknown (x 0.4 = 0.050). Reach 0.20 (not reviewed, default for where the package sits): `gpgv` is used by other programs in the image, not by nginx. Fix: no fixed package version yet."
228,CVE-2025-5278,1.0,0.052,0.20,not reviewed,no,Low,Negligible/Unknown,-,coreutils,no,,no,0.0029,4.4,coreutils: Heap Buffer Under-Read in GNU Coreutils sort via Key Specification,"#228, score 1.0 = 100 x danger 0.052 x reach 0.20. Danger: EPSS 0.3% chance of exploitation in the next 30 days (anywhere, not in this image) (x 0.6 = 0.002); severity Trivy Low, Grype Negligible/Unknown (x 0.4 = 0.050). Reach 0.20 (not reviewed, default for where the package sits): `coreutils` is used by other programs in the image, not by nginx. Fix: no fixed package version yet."
229,CVE-2026-11850,1.0,0.052,0.20,not reviewed,no,Low,Negligible/Unknown,-,libgssapi-krb5-2 libk5crypto3 libkrb5-3 libkrb5support0,no,,no,0.0027,5,krb5: krb5: integer underflow in berval2tl_data() leads to heap out-of-bounds read,"#229, score 1.0 = 100 x danger 0.052 x reach 0.20. Danger: EPSS 0.3% chance of exploitation in the next 30 days (anywhere, not in this image) (x 0.6 = 0.002); severity Trivy Low, Grype Negligible/Unknown (x 0.4 = 0.050). Reach 0.20 (not reviewed, default for where the package sits): `libgssapi-krb5-2`, `libk5crypto3`, `libkrb5-3`, `libkrb5support0` is used by other programs in the image, not by nginx. Fix: no fixed package version yet."
230,CVE-2025-14104,1.0,0.051,0.20,not reviewed,no,Low,Negligible/Unknown,-,bsdutils libblkid1 libmount1 libsmartcols1 libuuid1 mount util-linux util-linux-extra,no,,no,0.0019,6.1,util-linux: util-linux: Heap buffer overread in setpwnam() when processing 256-byte usernames,"#230, score 1.0 = 100 x danger 0.051 x reach 0.20. Danger: EPSS 0.2% chance of exploitation in the next 30 days (anywhere, not in this image) (x 0.6 = 0.001); severity Trivy Low, Grype Negligible/Unknown (x 0.4 = 0.050). Reach 0.20 (not reviewed, default for where the package sits): `bsdutils`, `libblkid1`, `libmount1`, `libsmartcols1`, `libuuid1`, `mount`, `util-linux`, `util-linux-extra` is used by other programs in the image, not by nginx. Fix: no fixed package version yet."
231,CVE-2026-56392,1.0,0.051,0.20,not reviewed,no,Low,Negligible/Unknown,-,coreutils,no,,no,0.0019,6.1,coreutils: GNU coreutils unexpand: Denial of Service via crafted tab stop values,"#231, score 1.0 = 100 x danger 0.051 x reach 0.20. Danger: EPSS 0.2% chance of exploitation in the next 30 days (anywhere, not in this image) (x 0.6 = 0.001); severity Trivy Low, Grype Negligible/Unknown (x 0.4 = 0.050). Reach 0.20 (not reviewed, default for where the package sits): `coreutils` is used by other programs in the image, not by nginx. Fix: no fixed package version yet."
232,CVE-2026-56391,1.0,0.051,0.20,not reviewed,no,Low,Negligible/Unknown,-,coreutils,no,,no,0.0017,6.1,coreutils: GNU coreutils uniq: Denial of Service and information disclosure via out-of-bounds read with multibyte input,"#232, score 1.0 = 100 x danger 0.051 x reach 0.20. Danger: EPSS 0.2% chance of exploitation in the next 30 days (anywhere, not in this image) (x 0.6 = 0.001); severity Trivy Low, Grype Negligible/Unknown (x 0.4 = 0.050). Reach 0.20 (not reviewed, default for where the package sits): `coreutils` is used by other programs in the image, not by nginx. Fix: no fixed package version yet."
233,CVE-2026-22185,1.0,0.051,0.20,not reviewed,no,Low,Negligible/Unknown,-,libldap-2.5-0,no,,no,0.0015,6.8,OpenLDAP: OpenLDAP LMDB: Denial of Service and Information Disclosure via Heap Buffer Underflow,"#233, score 1.0 = 100 x danger 0.051 x reach 0.20. Danger: EPSS 0.2% chance of exploitation in the next 30 days (anywhere, not in this image) (x 0.6 = 0.001); severity Trivy Low, Grype Negligible/Unknown (x 0.4 = 0.050). Reach 0.20 (not reviewed, default for where the package sits): `libldap-2.5-0` is used by other programs in the image, not by nginx. Fix: no fixed package version yet."
234,CVE-2026-102474,1.0,0.051,0.20,not reviewed,no,Low,Negligible/Unknown,-,dash,no,,no,0.0014,4,dash: dash: Heap out-of-bounds write in conv_escape via undersized Unicode escape reservation,"#234, score 1.0 = 100 x danger 0.051 x reach 0.20. Danger: EPSS 0.1% chance of exploitation in the next 30 days (anywhere, not in this image) (x 0.6 = 0.001); severity Trivy Low, Grype Negligible/Unknown (x 0.4 = 0.050). Reach 0.20 (not reviewed, default for where the package sits): `dash` is used by other programs in the image, not by nginx. Fix: no fixed package version yet."
235,CVE-2026-102473,1.0,0.051,0.20,not reviewed,no,Low,Negligible/Unknown,-,dash,no,,no,0.0013,5.5,dash: dash: Super-polynomial backtracking in pmatch when libc fnmatch is disabled,"#235, score 1.0 = 100 x danger 0.051 x reach 0.20. Danger: EPSS 0.1% chance of exploitation in the next 30 days (anywhere, not in this image) (x 0.6 = 0.001); severity Trivy Low, Grype Negligible/Unknown (x 0.4 = 0.050). Reach 0.20 (not reviewed, default for where the package sits): `dash` is used by other programs in the image, not by nginx. Fix: no fixed package version yet."
236,CVE-2025-14017,1.0,0.051,0.20,not reviewed,no,Low,Negligible/Unknown,-,curl libcurl4,no,,no,0.0011,6.3,curl: curl: Security bypass due to global TLS option changes in multi-threaded LDAPS transfers,"#236, score 1.0 = 100 x danger 0.051 x reach 0.20. Danger: EPSS 0.1% chance of exploitation in the next 30 days (anywhere, not in this image) (x 0.6 = 0.001); severity Trivy Low, Grype Negligible/Unknown (x 0.4 = 0.050). Reach 0.20 (not reviewed, default for where the package sits): `curl`, `libcurl4` is used by other programs in the image, not by nginx. Fix: no fixed package version yet."
237,TEMP-0841856-B18BAF,1.0,0.050,0.20,not reviewed,no,Low,-,-,bash,no,,no,0.0000,0.0,[Privilege escalation possible to other user than root],"#237, score 1.0 = 100 x danger 0.050 x reach 0.20. Danger: EPSS 0.0% chance of exploitation in the next 30 days (anywhere, not in this image) (x 0.6 = 0.000); severity Trivy Low, Grype - (a missing scanner counts as 0) (x 0.4 = 0.050). Reach 0.20 (not reviewed, default for where the package sits): `bash` is used by other programs in the image, not by nginx. Fix: no fixed package version yet."
238,TEMP-0628843-DBAD28,1.0,0.050,0.20,not reviewed,no,Low,-,-,login passwd,no,,no,0.0000,0.0,[more related to CVE-2005-4890],"#238, score 1.0 = 100 x danger 0.050 x reach 0.20. Danger: EPSS 0.0% chance of exploitation in the next 30 days (anywhere, not in this image) (x 0.6 = 0.000); severity Trivy Low, Grype - (a missing scanner counts as 0) (x 0.4 = 0.050). Reach 0.20 (not reviewed, default for where the package sits): `login`, `passwd` is used by other programs in the image, not by nginx. Fix: no fixed package version yet."
239,TEMP-0517018-A83CE6,1.0,0.050,0.20,not reviewed,no,Low,-,-,sysvinit-utils,no,,no,0.0000,0.0,[sysvinit: no-root option in expert installer exposes locally exploitable security flaw],"#239, score 1.0 = 100 x danger 0.050 x reach 0.20. Danger: EPSS 0.0% chance of exploitation in the next 30 days (anywhere, not in this image) (x 0.6 = 0.000); severity Trivy Low, Grype - (a missing scanner counts as 0) (x 0.4 = 0.050). Reach 0.20 (not reviewed, default for where the package sits): `sysvinit-utils` is used by other programs in the image, not by nginx. Fix: no fixed package version yet."
240,TEMP-0290435-0B57B5,1.0,0.050,0.20,not reviewed,no,Low,-,-,tar,no,,no,0.0000,0.0,[tar's rmt command may have undesired side effects],"#240, score 1.0 = 100 x danger 0.050 x reach 0.20. Danger: EPSS 0.0% chance of exploitation in the next 30 days (anywhere, not in this image) (x 0.6 = 0.000); severity Trivy Low, Grype - (a missing scanner counts as 0) (x 0.4 = 0.050). Reach 0.20 (not reviewed, default for where the package sits): `tar` is used by other programs in the image, not by nginx. Fix: no fixed package version yet."
241,TEMP-1148137-126A7B,0.0,0.000,0.30,not reviewed,no,Negligible/Unknown,-,-,libheif1,no,,no,0.0000,0.0,[GHSA-vg7w-rp49-4fc2: The max_items security limit is not enforced for iinf child boxes],"#241, score 0.0 = 100 x danger 0.000 x reach 0.30. Danger: EPSS 0.0% chance of exploitation in the next 30 days (anywhere, not in this image) (x 0.6 = 0.000); severity Trivy Negligible/Unknown, Grype - (a missing scanner counts as 0) (x 0.4 = 0.000). Reach 0.30 (not reviewed, default for where the package sits): `libheif1` is installed only for `nginx-module-image-filter`, which no default config loads. Fix: no fixed package version yet."
242,TEMP-1148137-089975,0.0,0.000,0.30,not reviewed,no,Negligible/Unknown,-,-,libheif1,no,,no,0.0000,0.0,[GHSA-xrp2-63fq-jm8q: Unbounded iref entry list and unbounded recursion in the reference-cycle check crash the parser],"#242, score 0.0 = 100 x danger 0.000 x reach 0.30. Danger: EPSS 0.0% chance of exploitation in the next 30 days (anywhere, not in this image) (x 0.6 = 0.000); severity Trivy Negligible/Unknown, Grype - (a missing scanner counts as 0) (x 0.4 = 0.000). Reach 0.30 (not reviewed, default for where the package sits): `libheif1` is installed only for `nginx-module-image-filter`, which no default config loads. Fix: no fixed package version yet."
243,TEMP-0000000-F2B97A,0.0,0.000,0.30,not reviewed,no,Negligible/Unknown,-,-,libheif1,no,,no,0.0000,0.0,[GHSA-v8qw-hwjv-44hw: AV1/libaom path allows allocation before libheif rejects mismatched coded dimensions],"#243, score 0.0 = 100 x danger 0.000 x reach 0.30. Danger: EPSS 0.0% chance of exploitation in the next 30 days (anywhere, not in this image) (x 0.6 = 0.000); severity Trivy Negligible/Unknown, Grype - (a missing scanner counts as 0) (x 0.4 = 0.000). Reach 0.30 (not reviewed, default for where the package sits): `libheif1` is installed only for `nginx-module-image-filter`, which no default config loads. Fix: no fixed package version yet."
244,TEMP-0000000-DB3DE2,0.0,0.000,0.30,not reviewed,no,Negligible/Unknown,-,-,libheif1,no,,no,0.0000,0.0,[GHSA-qwpf-5wf7-r996: Heap-use-after-free and double free in ImageItem::encode_to_bitstream_and_boxes (shallow copy of ImageDescription::m_tai_timestamp)],"#244, score 0.0 = 100 x danger 0.000 x reach 0.30. Danger: EPSS 0.0% chance of exploitation in the next 30 days (anywhere, not in this image) (x 0.6 = 0.000); severity Trivy Negligible/Unknown, Grype - (a missing scanner counts as 0) (x 0.4 = 0.000). Reach 0.30 (not reviewed, default for where the package sits): `libheif1` is installed only for `nginx-module-image-filter`, which no default config loads. Fix: no fixed package version yet."
245,TEMP-0000000-D1A721,0.0,0.000,0.30,not reviewed,no,Negligible/Unknown,-,-,libheif1,no,,no,0.0000,0.0,[GHSA-x8r2-mggj-j6wr: Heap buffer overflow in unci mixed-interleave decoding with unequal chroma bit depths],"#245, score 0.0 = 100 x danger 0.000 x reach 0.30. Danger: EPSS 0.0% chance of exploitation in the next 30 days (anywhere, not in this image) (x 0.6 = 0.000); severity Trivy Negligible/Unknown, Grype - (a missing scanner counts as 0) (x 0.4 = 0.000). Reach 0.30 (not reviewed, default for where the package sits): `libheif1` is installed only for `nginx-module-image-filter`, which no default config loads. Fix: no fixed package version yet."
246,TEMP-0000000-BBE297,0.0,0.000,0.30,not reviewed,no,Negligible/Unknown,-,-,libheif1,no,,no,0.0000,0.0,[GHSA-w7mc-p8jc-p853: heap OOB read / info disclosure (Op_YCbCr420_to_RRGGBBaa],"#246, score 0.0 = 100 x danger 0.000 x reach 0.30. Danger: EPSS 0.0% chance of exploitation in the next 30 days (anywhere, not in this image) (x 0.6 = 0.000); severity Trivy Negligible/Unknown, Grype - (a missing scanner counts as 0) (x 0.4 = 0.000). Reach 0.30 (not reviewed, default for where the package sits): `libheif1` is installed only for `nginx-module-image-filter`, which no default config loads. Fix: no fixed package version yet."
247,TEMP-0000000-956D99,0.0,0.000,0.30,not reviewed,no,Negligible/Unknown,-,-,libheif1,no,,no,0.0000,0.0,[GHSA-9c75-9g8r-4728: JPEG 2000 pclr zero-column allocation amplification bypasses max_total_memory],"#247, score 0.0 = 100 x danger 0.000 x reach 0.30. Danger: EPSS 0.0% chance of exploitation in the next 30 days (anywhere, not in this image) (x 0.6 = 0.000); severity Trivy Negligible/Unknown, Grype - (a missing scanner counts as 0) (x 0.4 = 0.000). Reach 0.30 (not reviewed, default for where the package sits): `libheif1` is installed only for `nginx-module-image-filter`, which no default config loads. Fix: no fixed package version yet."
248,TEMP-0000000-78AC20,0.0,0.000,0.30,not reviewed,no,Negligible/Unknown,-,-,libheif1,no,,no,0.0000,0.0,[GHSA-4jqm-2x34-6f6r: Heap buffer overflow in SVT-AV1 encoder for high-bit-depth alpha channels],"#248, score 0.0 = 100 x danger 0.000 x reach 0.30. Danger: EPSS 0.0% chance of exploitation in the next 30 days (anywhere, not in this image) (x 0.6 = 0.000); severity Trivy Negligible/Unknown, Grype - (a missing scanner counts as 0) (x 0.4 = 0.000). Reach 0.30 (not reviewed, default for where the package sits): `libheif1` is installed only for `nginx-module-image-filter`, which no default config loads. Fix: no fixed package version yet."
249,TEMP-0000000-4EF776,0.0,0.000,0.30,not reviewed,no,Negligible/Unknown,-,-,libheif1,no,,no,0.0000,0.0,[GHSA-9rj8-5mp5-26c9: Out-of-bounds read in RGB-YCbCr identity-matrix colour conversion with mismatched per-channel bit depths],"#249, score 0.0 = 100 x danger 0.000 x reach 0.30. Danger: EPSS 0.0% chance of exploitation in the next 30 days (anywhere, not in this image) (x 0.6 = 0.000); severity Trivy Negligible/Unknown, Grype - (a missing scanner counts as 0) (x 0.4 = 0.000). Reach 0.30 (not reviewed, default for where the package sits): `libheif1` is installed only for `nginx-module-image-filter`, which no default config loads. Fix: no fixed package version yet."
250,TEMP-0000000-21F713,0.0,0.000,0.30,not reviewed,no,Negligible/Unknown,-,-,libheif1,no,,no,0.0000,0.0,[GHSA-7pwf-qh74-p35w: Caller-configured security limits not enforced for MINI-box parsing],"#250, score 0.0 = 100 x danger 0.000 x reach 0.30. Danger: EPSS 0.0% chance of exploitation in the next 30 days (anywhere, not in this image) (x 0.6 = 0.000); severity Trivy Negligible/Unknown, Grype - (a missing scanner counts as 0) (x 0.4 = 0.000). Reach 0.30 (not reviewed, default for where the package sits): `libheif1` is installed only for `nginx-module-image-filter`, which no default config loads. Fix: no fixed package version yet."
251,TEMP-0000000-18A2CE,0.0,0.000,0.30,not reviewed,no,Negligible/Unknown,-,-,libheif1,no,,no,0.0000,0.0,[GHSA-r7gr-2xm2-23wf: Heap out-of-bounds read in libheif alpha compositing via mismatched per-channel bit depths (uncompressed codec)],"#251, score 0.0 = 100 x danger 0.000 x reach 0.30. Danger: EPSS 0.0% chance of exploitation in the next 30 days (anywhere, not in this image) (x 0.6 = 0.000); severity Trivy Negligible/Unknown, Grype - (a missing scanner counts as 0) (x 0.4 = 0.000). Reach 0.30 (not reviewed, default for where the package sits): `libheif1` is installed only for `nginx-module-image-filter`, which no default config loads. Fix: no fixed package version yet."
252,TEMP-0000000-0F03E5,0.0,0.000,0.30,not reviewed,no,Negligible/Unknown,-,-,libheif1,no,,no,0.0000,0.0,[GHSA-qfj5-c4pq-q998: Out-of-bounds heap read in unc_encoder_rgb_pixel_interleave when an alpha plane is attached to an image whose chroma format carries no alpha],"#252, score 0.0 = 100 x danger 0.000 x reach 0.30. Danger: EPSS 0.0% chance of exploitation in the next 30 days (anywhere, not in this image) (x 0.6 = 0.000); severity Trivy Negligible/Unknown, Grype - (a missing scanner counts as 0) (x 0.4 = 0.000). Reach 0.30 (not reviewed, default for where the package sits): `libheif1` is installed only for `nginx-module-image-filter`, which no default config loads. Fix: no fixed package version yet."
253,CVE-2026-46675,0.0,0.000,0.30,not reviewed,no,Negligible/Unknown,Negligible/Unknown,-,libpng16-16,no,,no,0.0000,0.0,"[Use-after-free of zlib input in `png_read_end` after incomplete zTXt, iTXt or iCCP decompression]","#253, score 0.0 = 100 x danger 0.000 x reach 0.30. Danger: EPSS 0.0% chance of exploitation in the next 30 days (anywhere, not in this image) (x 0.6 = 0.000); severity Trivy Negligible/Unknown, Grype Negligible/Unknown (x 0.4 = 0.000). Reach 0.30 (not reviewed, default for where the package sits): `libpng16-16` is installed only for `nginx-module-image-filter`, which no default config loads. Fix: no fixed package version yet."
